CREATE DATABASE  IF NOT EXISTS `ie6700project` /*!40100 DEFAULT CHARACTER SET utf8mb4 COLLATE utf8mb4_0900_ai_ci */ /*!80016 DEFAULT ENCRYPTION='N' */;
USE `ie6700project`;
-- MySQL dump 10.13  Distrib 8.0.30, for Win64 (x86_64)
--
-- Host: localhost    Database: ie6700project
-- ------------------------------------------------------
-- Server version	8.0.30

/*!40101 SET @OLD_CHARACTER_SET_CLIENT=@@CHARACTER_SET_CLIENT */;
/*!40101 SET @OLD_CHARACTER_SET_RESULTS=@@CHARACTER_SET_RESULTS */;
/*!40101 SET @OLD_COLLATION_CONNECTION=@@COLLATION_CONNECTION */;
/*!50503 SET NAMES utf8 */;
/*!40103 SET @OLD_TIME_ZONE=@@TIME_ZONE */;
/*!40103 SET TIME_ZONE='+00:00' */;
/*!40014 SET @OLD_UNIQUE_CHECKS=@@UNIQUE_CHECKS, UNIQUE_CHECKS=0 */;
/*!40014 SET @OLD_FOREIGN_KEY_CHECKS=@@FOREIGN_KEY_CHECKS, FOREIGN_KEY_CHECKS=0 */;
/*!40101 SET @OLD_SQL_MODE=@@SQL_MODE, SQL_MODE='NO_AUTO_VALUE_ON_ZERO' */;
/*!40111 SET @OLD_SQL_NOTES=@@SQL_NOTES, SQL_NOTES=0 */;

--
-- Table structure for table `business`
--

DROP TABLE IF EXISTS `business`;
/*!40101 SET @saved_cs_client     = @@character_set_client */;
/*!50503 SET character_set_client = utf8mb4 */;
CREATE TABLE `business` (
  `BID` varchar(45) NOT NULL,
  `Bname` varchar(45) NOT NULL,
  `telephone_number` varchar(45) DEFAULT NULL,
  `longitude` int DEFAULT NULL,
  `latitude` int DEFAULT NULL,
  `open_hours` varchar(45) DEFAULT NULL,
  `close_hours` varchar(45) DEFAULT NULL,
  `zip` varchar(45) DEFAULT NULL,
  `UID_B` varchar(45) NOT NULL,
  PRIMARY KEY (`BID`),
  KEY `fk.b_bo_idx` (`UID_B`),
  CONSTRAINT `fk.b_bo` FOREIGN KEY (`UID_B`) REFERENCES `businessowner` (`UID_BO`)
) ENGINE=InnoDB DEFAULT CHARSET=utf8mb4 COLLATE=utf8mb4_0900_ai_ci;
/*!40101 SET character_set_client = @saved_cs_client */;

--
-- Dumping data for table `business`
--

LOCK TABLES `business` WRITE;
/*!40000 ALTER TABLE `business` DISABLE KEYS */;
INSERT INTO `business` VALUES ('020C92EB-F947-8B44-A3D9-23D8EBE31733','Risus Nunc Ac Corporation','1-873-220-4281',62,91,'10:46 AM','7:21 PM','213283','0EB6C7EB-951B-7833-6BCC-EC565ED2BECB'),('0D3C18F2-18DA-2B59-2C64-8A7886E0DC5C','Varius Ultrices Ltd','1-753-985-1828',22,92,'10:44 AM','5:35 PM','38379','89299842-AC4C-3953-02E6-52BE71E03D86'),('1517CBC2-134B-7111-BF46-997AAE589190','Mi Duis Risus PC','(677) 250-6917',56,48,'11:38 AM','5:12 PM','61731-04357','2F3CD341-5265-1866-E7D3-656A2499BA74'),('151A3B46-0111-85AA-678C-B1ACC7D96D93','Tincidunt Tempus Incorporated','1-613-773-8684',38,127,'6:31 AM','8:37 PM','6942-1627','186CC2AA-AC44-72AE-BAF5-41353D59F8BD'),('199D5938-D59E-A1ED-6323-286551377DCD','Donec Fringilla Donec Foundation','1-420-132-9804',-53,-146,'6:39 AM','10:51 PM','7044','FF754559-C2C9-3288-6543-571614BEA970'),('1D6C437E-9559-4D19-4E51-A7691CA28058','Sagittis Semper Nam Institute','(333) 728-8278',30,-140,'7:05 AM','12:10 PM','22288','43E43A6B-ED15-851C-0AB7-953C3B5A7979'),('1D787CBF-6DC2-3BAA-4B2C-1474B8B3863E','Eget Laoreet Company','(173) 376-1275',-36,-70,'8:50 AM','9:44 PM','810184','29D2EC4A-A99C-50C4-130E-4A5CC9486115'),('1DEC9168-7ABA-6CD8-A50B-B50FFE23B19A','Lorem LLP','(144) 722-7372',0,-109,'8:25 AM','3:56 PM','31064','0EB6C7EB-951B-7833-6BCC-EC565ED2BECB'),('1E4BB2E3-9C96-C77A-5A95-013C1666BE53','Placerat Cras Industries','1-589-287-5714',-30,-93,'9:32 AM','4:19 PM','475163','831ABD09-58AB-86A7-C12A-979175D9671B'),('22714A48-9B21-D4CC-9A96-D3B4C41079E8','Malesuada Malesuada Integer Associates','(776) 537-8923',-11,-129,'8:36 AM','5:39 PM','83213','8A8CDF8A-1F61-E642-CBB2-6798E884A15D'),('26A71F63-D92B-E431-3943-999EADB0A766','Nec Orci Donec Associates','1-680-863-3980',69,-54,'6:31 AM','11:28 PM','187337','180B767E-249B-99F3-6242-5F8925DE6B41'),('2CD6C23C-2D14-762F-9B37-7A553B7A240D','Eu Dolor Corporation','1-846-594-7137',-67,-24,'9:28 AM','4:10 PM','6884','6F8AE94D-CCCA-2838-4B5E-A70E761FE5A3'),('353984AE-AAEB-8431-4963-555275C119A8','Lobortis Limited','(327) 760-2630',-65,2,'9:42 AM','6:35 PM','O1P 2QH','71C81722-6EFD-D4E5-0ED6-816CB7B74B93'),('357691AC-C6BB-716C-AB22-358EDBB92BA4','Sed Sem Company','1-316-864-5679',-34,28,'10:56 AM','9:26 PM','63283-866','DA8DEC05-B3E2-6671-262A-8E4222EF3C64'),('35E28CBD-C5DB-3878-A282-BF51BE013AD7','Cras Pellentesque Incorporated','(746) 216-1417',-20,-69,'10:50 AM','11:33 PM','205584','CF5279FA-62C5-EEF4-3129-4429C3046D1D'),('376E8F80-9F24-52A2-4AD8-7A4512B9D59B','Proin Institute','1-591-634-1946',70,79,'9:30 AM','11:15 PM','849318','17E7289B-883E-339C-3253-6380DA761441'),('37D5C3FC-37E3-2E6A-5932-19A968055921','Mollis Vitae Posuere Industries','(308) 349-9480',59,85,'6:12 AM','1:43 PM','7083','8A8CDF8A-1F61-E642-CBB2-6798E884A15D'),('3B01AC63-BA7D-1B47-BFAA-786707EC0E58','Non Incorporated','(645) 687-2239',-18,144,'7:42 AM','12:44 PM','127241','21ACA2C4-9ED6-57FB-D279-481E81A4A88F'),('3B274C25-B938-B5E5-75D8-DEAE1BE17894','Donec Felis Consulting','1-573-381-1746',-69,-174,'6:47 AM','2:14 PM','6178','82C3B92A-DFA0-2C4A-DB1E-259C08BAAAED'),('3D2C14B1-1F03-CB72-9982-27354172D726','Amet Ornare Corporation','1-435-273-2524',-66,-63,'8:42 AM','2:27 PM','S6B 4S7','43E43A6B-ED15-851C-0AB7-953C3B5A7979'),('3DD9726C-C6E4-C2C0-4D61-723271B8C222','Etiam Ligula Consulting','1-445-656-3283',73,-39,'11:15 AM','8:13 PM','728847','FF754559-C2C9-3288-6543-571614BEA970'),('435ECCE4-DF9B-DC22-002C-A675237893E4','Neque Tellus Imperdiet Company','(584) 836-7101',44,-129,'10:31 AM','5:06 PM','743364','44DF73C0-9A9C-7177-AC42-3285D84BB7D1'),('43A0D716-8CB4-9542-D3D8-9A703CD515B2','Magna Cras Consulting','1-763-646-2829',-90,12,'11:13 AM','3:19 PM','L5H 6S9','6617366B-4786-0992-3AE8-A3E68BDC814B'),('46CE7895-4839-3E27-6CE8-8EC04527DF33','Rhoncus Donec Industries','(687) 561-8634',-66,-142,'11:14 AM','2:32 PM','9810','792C4AE7-24AC-E4A9-B5A7-0746E96B9B03'),('47B7742A-3976-AC0A-B410-8E08C46DDF1D','Sem Semper Erat Associates','1-782-676-9348',-41,54,'6:54 AM','7:59 PM','684763','82C3B92A-DFA0-2C4A-DB1E-259C08BAAAED'),('4928F14B-6B4E-6D94-3953-E15727BA427E','Aliquam Arcu Aliquam Incorporated','1-811-881-2645',-13,-30,'11:20 AM','3:14 PM','33324','0EB6C7EB-951B-7833-6BCC-EC565ED2BECB'),('4E69714C-0E24-D96F-5A92-2E450FBA4D44','Nunc Ac Inc.','(566) 887-2368',-12,-102,'11:58 AM','2:22 PM','24846','0EB6C7EB-951B-7833-6BCC-EC565ED2BECB'),('51DA5C8E-5A73-2C88-ABE1-145E76255D75','Fermentum Metus Aenean Inc.','1-387-274-8413',-50,19,'10:10 AM','11:22 PM','Y3R 1KX','6617366B-4786-0992-3AE8-A3E68BDC814B'),('558192EC-4587-AB67-28CD-A3AE59B97AB6','Arcu Eu Odio LLP','(749) 663-3728',-64,-161,'7:52 AM','5:16 PM','45-748','29D2EC4A-A99C-50C4-130E-4A5CC9486115'),('5821A6D4-D233-B63B-87BD-2B12AC523BD4','Bibendum Fermentum PC','(862) 587-1545',46,-127,'7:56 AM','2:00 PM','16-32','0EB6C7EB-951B-7833-6BCC-EC565ED2BECB'),('595DE671-233F-CEE4-AD51-801310F27163','Nisl LLC','1-435-372-2535',-32,-157,'8:42 AM','4:53 PM','6666','8130CB25-597E-9C69-C571-21869FFF50DB'),('5B9B44BA-DAD6-B28B-1DEB-393AE80C4E57','Mi Foundation','(377) 532-3533',64,-47,'10:58 AM','11:50 PM','5456','0EB6C7EB-951B-7833-6BCC-EC565ED2BECB'),('5F47ACCB-C0E1-8585-8D31-A4CF34ED7181','Erat Vivamus Consulting','(623) 398-2172',52,-126,'10:43 AM','7:40 PM','628347','0EB6C7EB-951B-7833-6BCC-EC565ED2BECB'),('6126651C-4FFF-5BF5-BCB0-666B6B214DAD','Faucibus Morbi Vehicula Institute','1-874-526-0912',-38,58,'9:01 AM','9:28 PM','84268','8A8CDF8A-1F61-E642-CBB2-6798E884A15D'),('62F52858-DE09-C636-542C-A2A4B63B7E83','Donec Corporation','(667) 772-1544',-32,118,'7:13 AM','1:29 PM','11706','8D7222A8-71C6-D811-BBC3-24496AA42680'),('676EC8D6-56D6-C399-A666-26B822297018','Sed Dolor Fusce Institute','1-810-853-1840',70,-110,'8:11 AM','3:49 PM','35953','24D85CA6-87C6-7DDC-D5D1-3D6A55B89382'),('67BD638C-0634-446F-E88F-C3C7121952AA','Integer Mollis LLP','(764) 571-7433',-76,-75,'8:15 AM','9:36 PM','58163','E0EBBC7B-F4FC-9E9E-D435-043D1DEAD539'),('695B2055-4448-8239-BAA6-3DA6EA982BDB','Risus A Institute','(389) 350-8320',-85,7,'9:54 AM','5:44 PM','11823','B8F04CD7-6CE8-5160-25DD-3CF5E106A847'),('6ACA8577-C6D9-50BB-89C1-E5A2A04A8233','Ipsum Dolor Sit Associates','1-588-841-2873',-19,92,'8:20 AM','1:24 PM','8106','8A8CDF8A-1F61-E642-CBB2-6798E884A15D'),('6B8B3ED8-8231-C622-3D15-088DC35787C8','Nulla Integer Ltd','1-328-808-3728',67,-106,'8:00 AM','2:51 PM','7733','14BC3B34-1EA1-070F-E7B1-421E671B6761'),('713A633B-BFE4-0457-F65B-6B8646026997','Sapien Nunc Corp.','1-687-482-8418',38,-15,'11:05 AM','10:59 PM','46231','0EB6C7EB-951B-7833-6BCC-EC565ED2BECB'),('71B74980-1100-3303-6B02-BCF3EC19680A','Mauris Morbi Non Associates','1-783-468-7742',25,133,'10:50 AM','8:04 PM','48113','22892BA2-2A8A-4410-DDEB-E5C33DCCADE8'),('740097D5-5193-EA59-5D2C-5736864DB712','Sem Eget Institute','1-191-461-7277',-11,-81,'8:37 AM','11:11 PM','2511','225C4D7E-83AB-ECBE-2246-DDA525EE8CB8'),('746977DC-CE2B-2E90-0DDB-779271EF9F4C','Semper Institute','(697) 721-2102',-15,-12,'9:14 AM','5:23 PM','8422','6F8AE94D-CCCA-2838-4B5E-A70E761FE5A3'),('756B581F-8A9E-EB86-6311-1BECB6B8DBDE','Id Sapien Cras Ltd','1-325-352-2459',2,-112,'11:42 AM','7:18 PM','15455','831ABD09-58AB-86A7-C12A-979175D9671B'),('76346154-38B3-F5D1-56F4-A5BBDE8F4AB2','Ridiculus Consulting','(834) 472-6633',-82,95,'8:00 AM','7:24 PM','34-748','B4D4F989-CCD9-639A-76B1-D223A2D243F1'),('77D28AA2-FDCD-0E2E-BD8B-8B6287483BC6','Vestibulum Nec Consulting','1-250-173-4121',11,-132,'9:57 AM','9:21 PM','K6 6HX','0EB6C7EB-951B-7833-6BCC-EC565ED2BECB'),('7AA868EA-13CC-D635-CCBA-61204ADC0B85','Quis Diam Luctus Limited','1-911-961-6162',-89,-33,'9:26 AM','5:31 PM','762303','8A8CDF8A-1F61-E642-CBB2-6798E884A15D'),('7B25BBBF-224D-496B-D463-A54B468506F8','Ultrices Posuere Industries','(481) 477-3215',-38,-146,'11:23 AM','10:36 PM','2946','0EB6C7EB-951B-7833-6BCC-EC565ED2BECB'),('7BB28377-2DE1-852A-241B-D864916FCD0A','Luctus Ut Pellentesque LLC','(869) 874-5177',-44,91,'10:21 AM','9:24 PM','0506 CD','DA8DEC05-B3E2-6671-262A-8E4222EF3C64'),('7C7989BD-D99E-1C7E-5568-EC28393832B8','Vitae Sodales Ltd','1-368-348-8400',74,-136,'9:04 AM','12:22 PM','2448','DA8DEC05-B3E2-6671-262A-8E4222EF3C64'),('7E7A4AA7-1E59-D385-1509-A6099FABF565','Aliquam Ultrices Iaculis PC','1-596-499-1118',37,-150,'9:38 AM','4:17 PM','35842','795E798A-4A4E-A97C-8E92-96E921ABCA3A'),('81ED0EA4-3B38-C2C0-2852-DBDCC6C28CE0','Suspendisse Company','(527) 503-4730',56,62,'9:23 AM','2:04 PM','21806','9E9BB795-D99C-1D0A-68C6-679FC78A5925'),('842EA313-9653-A302-1CE5-6D91E886A958','Imperdiet Ornare Foundation','1-898-773-8677',-68,92,'9:27 AM','10:06 PM','805526','6F8AE94D-CCCA-2838-4B5E-A70E761FE5A3'),('85E68EEB-F1FC-E8A9-47C9-B4F67257D632','Donec At Arcu Corp.','(378) 262-1976',-57,126,'9:15 AM','11:08 PM','16231','225C4D7E-83AB-ECBE-2246-DDA525EE8CB8'),('8897A7A7-E53A-1716-5281-CF240B559ACE','Auctor Velit Corporation','1-681-552-6484',-30,70,'7:27 AM','4:46 PM','31252-12161','FF754559-C2C9-3288-6543-571614BEA970'),('88AB8394-123C-A98B-937C-BDE893D35699','Fringilla Associates','(561) 552-1723',-29,-138,'7:55 AM','11:23 PM','4068','F1CC6D48-3E34-821A-71AB-0D328C98B4C6'),('894A1B6F-D9EB-1352-BC87-FDC67EE19519','Vitae Aliquam Limited','(462) 922-0542',-55,-144,'11:31 AM','4:29 PM','6226 PR','D962C242-3F52-492A-E6B4-E385323CA732'),('8B695FBC-47DD-DB58-D1BA-6672DB5BD1EA','Sed Eu PC','(243) 118-7785',-3,-4,'9:49 AM','9:35 PM','262829','9E9BB795-D99C-1D0A-68C6-679FC78A5925'),('8DC0DEC6-2EE4-264E-38A2-2042F4632314','Sem Egestas Blandit Limited','1-637-684-4558',30,141,'6:01 AM','12:33 PM','4020','4A39B2FB-2D7A-E74A-675B-C6A9F4624B18'),('905C3BD9-AAD2-7ED8-825D-5CD0412490B1','Mauris Ltd','1-311-743-5445',59,42,'10:48 AM','6:16 PM','217767','B6E2AD5E-BC4E-0AE8-DBD8-19F34923120B'),('9165AAA9-E87C-9CB5-B3BC-31C1B9F66ECE','Non Leo PC','(426) 188-9334',-11,-120,'8:40 AM','4:35 PM','65444-150','DA8DEC05-B3E2-6671-262A-8E4222EF3C64'),('938EA983-8E8E-6E7C-BC7E-E145EA9B147D','Nam Corp.','1-596-163-4925',-14,-92,'10:43 AM','8:38 PM','1149','29D2EC4A-A99C-50C4-130E-4A5CC9486115'),('93C75237-E4CC-BF56-E295-541AB8203BC3','Penatibus Corporation','(271) 421-5153',68,92,'7:49 AM','12:04 PM','1867 AB','0EB6C7EB-951B-7833-6BCC-EC565ED2BECB'),('9A795601-785D-408B-32CE-2A91F6D30E7D','Convallis Erat Foundation','(819) 373-4762',6,74,'6:45 AM','5:12 PM','98175','0EB6C7EB-951B-7833-6BCC-EC565ED2BECB'),('9A83A1AA-8D81-E696-CC9A-B784F8F4B9D8','Adipiscing Elit Etiam Institute','1-214-225-1481',-74,102,'7:30 AM','9:17 PM','10305','6617366B-4786-0992-3AE8-A3E68BDC814B'),('9C230767-7DAC-B4FC-F660-137C9622858B','Amet Luctus Vulputate PC','(521) 361-3219',-63,30,'11:49 AM','4:54 PM','16-142','225C4D7E-83AB-ECBE-2246-DDA525EE8CB8'),('A05FAD6F-D2EC-B7D2-7189-67C5474AC8B6','Malesuada LLP','1-358-614-7129',67,-90,'10:52 AM','5:39 PM','20848','6617366B-4786-0992-3AE8-A3E68BDC814B'),('A6577D4D-E6C7-4904-7603-13B63E481223','Eget LLC','(286) 109-5593',54,99,'7:28 AM','12:18 PM','920795','FF754559-C2C9-3288-6543-571614BEA970'),('AC75A2A2-AB03-9A35-58AC-3696A5DF467D','Vel LLP','(865) 446-2622',47,147,'6:35 AM','10:32 PM','4111','FF754559-C2C9-3288-6543-571614BEA970'),('ACC5C25E-5B81-A356-E6D1-E6CA05E8B819','Sed Eu Institute','1-465-452-5124',15,-170,'6:27 AM','12:05 PM','Y4M 6Z5','8A8CDF8A-1F61-E642-CBB2-6798E884A15D'),('AD87265D-0425-1CBE-07C2-A0E53F5185A7','Risus Morbi Company','(853) 765-5700',3,-116,'9:54 AM','3:03 PM','22180','29D2EC4A-A99C-50C4-130E-4A5CC9486115'),('AF0B085F-8D4C-A8D5-2D77-CB6694D8B6B0','Dis Parturient Montes Foundation','(951) 218-7423',-86,137,'7:12 AM','8:56 PM','454690','B6E2AD5E-BC4E-0AE8-DBD8-19F34923120B'),('B1BD4625-2B7D-26A1-1953-71A2295E11E6','Montes Foundation','(635) 564-1463',48,131,'11:20 AM','3:19 PM','46785','6617366B-4786-0992-3AE8-A3E68BDC814B'),('B2BBF661-A8B4-A14B-C2F8-7377DBCEC5DB','Risus At Fringilla Corp.','(842) 217-7263',-77,64,'10:08 AM','5:04 PM','22686','43E43A6B-ED15-851C-0AB7-953C3B5A7979'),('B3C072A1-AC89-8621-3853-CBEE5C999A4B','Velit Institute','(387) 323-8746',-10,-152,'10:10 AM','8:24 PM','R7J 3X3','0EB6C7EB-951B-7833-6BCC-EC565ED2BECB'),('B85F5219-46EC-D2D3-CDD2-A4811D6DD237','Est Corporation','1-737-144-7001',66,-59,'7:25 AM','10:26 PM','276618','225C4D7E-83AB-ECBE-2246-DDA525EE8CB8'),('B8C4E787-07EA-C77E-B5B4-D5FD89AB4764','Vehicula Risus Corporation','(896) 463-4942',-2,-170,'9:51 AM','3:00 PM','215696','E0EBBC7B-F4FC-9E9E-D435-043D1DEAD539'),('BA191184-8089-99EE-FD27-DE266D824220','Fusce Aliquet Corp.','1-718-518-4240',21,58,'10:58 AM','5:42 PM','9274','82C3B92A-DFA0-2C4A-DB1E-259C08BAAAED'),('BBE41394-31DC-A548-4729-29AFD4ACB964','Consequat Purus Incorporated','1-205-503-5731',-84,60,'6:53 AM','3:39 PM','309841','B6E2AD5E-BC4E-0AE8-DBD8-19F34923120B'),('BCD7DEDA-257E-A6BA-6652-29D08DE34443','Integer Sem LLC','(243) 344-4934',86,11,'10:51 AM','11:49 PM','05-265','C24E361E-131C-9A37-CA72-F33440B7E2EA'),('BF02C4AC-CEAE-B917-5A11-BDC87A64AA35','Sed Orci LLC','(544) 210-3128',-89,-28,'8:36 AM','4:45 PM','94621-64511','0EB6C7EB-951B-7833-6BCC-EC565ED2BECB'),('C884C55B-2369-A4D6-F845-1256FA775D37','Nisl Corp.','(111) 297-3881',71,3,'8:52 AM','11:36 PM','567956','D6B3A986-3FB8-CA88-91FD-999B3D189641'),('CBAC8411-DE1A-D868-5E5D-31153B703F03','Orci Incorporated','(393) 487-5999',88,-50,'8:31 AM','3:15 PM','728584','6617366B-4786-0992-3AE8-A3E68BDC814B'),('CC6CC738-83AE-4C00-575E-C4EFBE181AE6','Egestas Industries','1-885-792-1584',85,178,'10:35 AM','5:09 PM','460555','9E9BB795-D99C-1D0A-68C6-679FC78A5925'),('CCD441B3-E13A-AC4E-B865-D55112B74953','Vel Faucibus Id Corp.','1-387-315-9686',-24,-30,'11:54 AM','1:22 PM','36033','9E9BB795-D99C-1D0A-68C6-679FC78A5925'),('CE35FE40-51FB-4591-5A22-8E5F568E5495','Convallis Dolor Quisque PC','1-547-325-6052',-22,97,'8:29 AM','12:23 PM','3408','0EB6C7EB-951B-7833-6BCC-EC565ED2BECB'),('D135473C-F562-4C57-D5D8-236ACCC96724','Ligula Donec Corporation','1-557-564-7606',-2,-44,'11:06 AM','5:49 PM','86529','DA8DEC05-B3E2-6671-262A-8E4222EF3C64'),('D543EDBE-0094-5DF8-A13A-C16411ED781E','Vitae Inc.','(243) 415-1138',64,70,'9:46 AM','7:00 PM','44087-84797','6617366B-4786-0992-3AE8-A3E68BDC814B'),('D882A318-98B3-6A90-49D8-838A28ACD483','Eu Arcu Morbi LLC','(880) 877-7982',65,-61,'8:42 AM','8:19 PM','6213','058E87A1-B1F9-CE05-691F-6B5A1B5E0A54'),('DA09BECE-22E6-061A-4BB9-C8772941C4F5','Congue Elit Industries','1-673-401-5571',-84,-70,'11:42 AM','1:00 PM','24535-17145','29D2EC4A-A99C-50C4-130E-4A5CC9486115'),('DCD9928E-3B8A-A61B-8380-90A5D2169CBE','Aliquam Erat Industries','(853) 252-8330',69,-109,'10:38 AM','8:27 PM','20833','C9A38112-7AA7-7B8C-2B3B-A8DDB8D6225D'),('DDB0A465-C2AA-F4BF-BB51-2E2ED946CBC7','Mus Incorporated','1-372-659-4828',59,-107,'6:46 AM','9:19 PM','35394-86189','29D2EC4A-A99C-50C4-130E-4A5CC9486115'),('E197CC2D-CC8B-342E-F148-54990FE9F046','Feugiat Sed Limited','1-671-354-4629',-40,-109,'6:20 AM','8:58 PM','561841','8A8CDF8A-1F61-E642-CBB2-6798E884A15D'),('E1EA47C9-62EC-1CA2-9BED-C2ED750CF678','Lobortis Mauris Foundation','1-234-630-6078',-8,-135,'7:39 AM','6:46 PM','51-21','831ABD09-58AB-86A7-C12A-979175D9671B'),('E367F6AE-5CA6-E0D4-4343-AE69479D88D6','Sed Pharetra Ltd','(548) 624-2875',-13,-3,'9:07 AM','11:14 PM','Y7N 5P1','0EB6C7EB-951B-7833-6BCC-EC565ED2BECB'),('E4A77430-232B-638D-A6D8-B613776D2AEF','Aliquet Associates','(464) 662-3328',56,-128,'7:41 AM','5:30 PM','3109 SZ','4EAE0245-66A1-D41A-AE71-D90C5BA5A8FE'),('E8923C84-967B-15A4-CC40-09F939E59974','Arcu Institute','(136) 641-6295',-59,133,'7:32 AM','11:28 PM','36779','B6E2AD5E-BC4E-0AE8-DBD8-19F34923120B'),('E8DBEB33-339E-9D96-72E6-9CA0127029E8','Euismod Ac Limited','1-617-704-9834',25,71,'8:00 AM','12:11 PM','17133-54478','831ABD09-58AB-86A7-C12A-979175D9671B'),('E9CEAAC7-2B83-EF67-478A-234A7318B8B0','Justo Sit Industries','1-685-530-5626',45,-121,'9:10 AM','7:11 PM','778868','43E43A6B-ED15-851C-0AB7-953C3B5A7979');
/*!40000 ALTER TABLE `business` ENABLE KEYS */;
UNLOCK TABLES;

--
-- Table structure for table `businessowner`
--

DROP TABLE IF EXISTS `businessowner`;
/*!40101 SET @saved_cs_client     = @@character_set_client */;
/*!50503 SET character_set_client = utf8mb4 */;
CREATE TABLE `businessowner` (
  `oname` varchar(45) NOT NULL,
  `UID_BO` varchar(45) NOT NULL,
  KEY `fk.bo_user_idx` (`UID_BO`),
  CONSTRAINT `fk.bo_user` FOREIGN KEY (`UID_BO`) REFERENCES `user` (`UID`)
) ENGINE=InnoDB DEFAULT CHARSET=utf8mb4 COLLATE=utf8mb4_0900_ai_ci;
/*!40101 SET character_set_client = @saved_cs_client */;

--
-- Dumping data for table `businessowner`
--

LOCK TABLES `businessowner` WRITE;
/*!40000 ALTER TABLE `businessowner` DISABLE KEYS */;
INSERT INTO `businessowner` VALUES ('Danielle Booth','E0EBBC7B-F4FC-9E9E-D435-043D1DEAD539'),('Lacy Todd','B6E2AD5E-BC4E-0AE8-DBD8-19F34923120B'),('Nicholas Roberts','71C81722-6EFD-D4E5-0ED6-816CB7B74B93'),('Cathleen Sims','FF754559-C2C9-3288-6543-571614BEA970'),('Skyler Cardenas','4EAE0245-66A1-D41A-AE71-D90C5BA5A8FE'),('Wyoming Bartlett','17E7289B-883E-339C-3253-6380DA761441'),('Hermione Roberts','4A39B2FB-2D7A-E74A-675B-C6A9F4624B18'),('Silas Fleming','F1CC6D48-3E34-821A-71AB-0D328C98B4C6'),('Yoshi Kirk','21ACA2C4-9ED6-57FB-D279-481E81A4A88F'),('Castor Olsen','B8F04CD7-6CE8-5160-25DD-3CF5E106A847'),('Clinton Wolfe','9E9BB795-D99C-1D0A-68C6-679FC78A5925'),('Harper Ortiz','CF5279FA-62C5-EEF4-3129-4429C3046D1D'),('Idona Jennings','2F3CD341-5265-1866-E7D3-656A2499BA74'),('Harper Webb','24D85CA6-87C6-7DDC-D5D1-3D6A55B89382'),('September Avery','8A8CDF8A-1F61-E642-CBB2-6798E884A15D'),('Jin Acosta','C24E361E-131C-9A37-CA72-F33440B7E2EA'),('Kim Burris','6F8AE94D-CCCA-2838-4B5E-A70E761FE5A3'),('Haley Le','8D7222A8-71C6-D811-BBC3-24496AA42680'),('Ulla Pratt','89299842-AC4C-3953-02E6-52BE71E03D86'),('Joshua Vinson','058E87A1-B1F9-CE05-691F-6B5A1B5E0A54'),('Kimberly Moon','DA8DEC05-B3E2-6671-262A-8E4222EF3C64'),('Colt Padilla','6617366B-4786-0992-3AE8-A3E68BDC814B'),('Giacomo Pittman','D962C242-3F52-492A-E6B4-E385323CA732'),('Jenette Mclean','14BC3B34-1EA1-070F-E7B1-421E671B6761'),('Latifah Franco','44DF73C0-9A9C-7177-AC42-3285D84BB7D1'),('Jeremy Hamilton','82C3B92A-DFA0-2C4A-DB1E-259C08BAAAED'),('Nola Morrison','795E798A-4A4E-A97C-8E92-96E921ABCA3A'),('Raphael Mcneil','C9A38112-7AA7-7B8C-2B3B-A8DDB8D6225D'),('Lysandra Owens','8130CB25-597E-9C69-C571-21869FFF50DB'),('Beck Williams','B4D4F989-CCD9-639A-76B1-D223A2D243F1'),('Conan Buck','186CC2AA-AC44-72AE-BAF5-41353D59F8BD'),('Kasimir Daniels','225C4D7E-83AB-ECBE-2246-DDA525EE8CB8'),('Demetria Barnett','D6B3A986-3FB8-CA88-91FD-999B3D189641'),('Devin Leonard','0EB6C7EB-951B-7833-6BCC-EC565ED2BECB'),('Alexander Wilcox','831ABD09-58AB-86A7-C12A-979175D9671B'),('Jin Vinson','43E43A6B-ED15-851C-0AB7-953C3B5A7979'),('Garrett Garner','792C4AE7-24AC-E4A9-B5A7-0746E96B9B03'),('Stephanie Potter','180B767E-249B-99F3-6242-5F8925DE6B41'),('Scarlett Snider','22892BA2-2A8A-4410-DDEB-E5C33DCCADE8'),('Quentin Dale','29D2EC4A-A99C-50C4-130E-4A5CC9486115');
/*!40000 ALTER TABLE `businessowner` ENABLE KEYS */;
UNLOCK TABLES;

--
-- Table structure for table `costumer`
--

DROP TABLE IF EXISTS `costumer`;
/*!40101 SET @saved_cs_client     = @@character_set_client */;
/*!50503 SET character_set_client = utf8mb4 */;
CREATE TABLE `costumer` (
  `UID_C` varchar(45) NOT NULL,
  `Cname` varchar(45) NOT NULL,
  `DOB` datetime DEFAULT NULL,
  `address` varchar(45) DEFAULT NULL,
  KEY `fk.co_user_idx` (`UID_C`),
  CONSTRAINT `fk.co_user` FOREIGN KEY (`UID_C`) REFERENCES `user` (`UID`)
) ENGINE=InnoDB DEFAULT CHARSET=utf8mb4 COLLATE=utf8mb4_0900_ai_ci;
/*!40101 SET character_set_client = @saved_cs_client */;

--
-- Dumping data for table `costumer`
--

LOCK TABLES `costumer` WRITE;
/*!40000 ALTER TABLE `costumer` DISABLE KEYS */;
INSERT INTO `costumer` VALUES ('54FB59CE-B68C-D4A4-8E7F-62BE955AF34B','Wyoming Waller','1945-05-05 00:00:00','Ap #647-9478 In Street'),('E656E92D-ECB3-4D1A-0474-890B45435E07','Caleb Torres','1992-04-27 00:00:00','840-7077 Purus St.'),('E6E9149A-273C-C884-BE67-3DEB6F7E0B42','Nerea Smith','1951-01-01 00:00:00','684-2208 Vitae, Avenue'),('EE3A6197-B3C3-F5A6-86BC-7E9C98A29C37','Quentin Johns','1923-07-26 00:00:00','Ap #915-8497 Tempus Av.'),('C1B48CB0-A74B-4717-3BCC-DD3DC39A5C3C','Reese Porter','1915-03-31 00:00:00','P.O. Box 348, 4249 Dignissim Road'),('6129D118-523F-E517-C8B9-C07425CAD56D','Mari Byrd','2012-09-23 00:00:00','Ap #403-6013 Vel Road'),('3E19A5EA-A877-4EDD-93A8-8CE27EC798B8','Honorato Mercer','2006-10-09 00:00:00','163-4571 Quam Avenue'),('FAE47E15-AD69-F351-FFB9-A45A51DC3A7E','Debra Crawford','1921-06-12 00:00:00','8551 Purus, Street'),('90BB1C77-0A23-891B-0BC6-FA218279F626','Rhona Madden','1994-03-16 00:00:00','5869 Posuere Rd.'),('63C6AD62-16C2-D19B-752A-9F42442698F2','Nadine Howell','1985-12-19 00:00:00','7710 Neque Ave'),('4E3492BB-46B1-F763-8CD3-371562C9B308','Bertha Spencer','2003-03-09 00:00:00','Ap #309-8855 Dictum. Street'),('5AF82D99-8B85-D60A-C7FF-166A47144BB4','Gail Shaffer','1943-01-07 00:00:00','489-3730 Consequat Rd.'),('1375144F-2274-DA59-949A-AFDFE221C232','Thaddeus Mclaughlin','1949-01-11 00:00:00','657-3411 Mollis. St.'),('ADF5EA19-4BE7-E88E-DA87-DD0487B1C141','Gail Wall','1913-06-10 00:00:00','P.O. Box 643, 9697 Porttitor Rd.'),('436D9D54-B29D-218D-85A7-5E1980C65DCE','Graham West','2007-01-28 00:00:00','Ap #139-6187 Facilisis St.'),('690D5972-51E0-3338-74E9-F24D1B6EFD14','Keane O\'brien','1972-05-30 00:00:00','146-6496 Sed Road'),('59154B2D-9BDB-A74B-4155-AFC52124C67A','Audrey Dickson','2006-05-02 00:00:00','Ap #240-8350 Justo St.'),('CB657A4D-89F7-D7FC-BD77-1126AF78BB88','Macon Goodman','1951-01-10 00:00:00','9388 Id, Road'),('0C5CEEB4-A40A-A156-2B7F-DC3F495C4A75','Shelby Woods','2001-11-19 00:00:00','P.O. Box 197, 7305 Nulla. St.'),('B8614771-4CDC-3969-F8E8-0B86CE5A1184','Kimberley Joyce','1902-03-29 00:00:00','302-7219 Gravida. Rd.'),('F63EA73B-B37B-10B3-B6AF-37C25D3A827F','Macy Pittman','2012-11-13 00:00:00','6666 Ut, Rd.'),('CE386349-71B3-5A83-5369-95A3489C56DB','Palmer Macias','2008-11-04 00:00:00','473-6986 Semper. Street'),('1CE84FDE-65DD-3AB1-C58D-9D7321269CAD','Samantha Campos','1995-09-18 00:00:00','Ap #388-5015 Integer Ave'),('4321B16C-E7B6-BA1B-3965-5E3778FC46CA','Cooper Stephens','1945-10-30 00:00:00','Ap #960-5526 A, Street'),('64974D69-A974-15D4-9CA5-8EEA73E25D9D','John Estes','1946-10-17 00:00:00','P.O. Box 272, 668 Libero. Rd.'),('C42B453D-BAA9-E736-BA93-945920654E8C','Tatiana Hurst','1925-11-22 00:00:00','Ap #845-1140 Auctor. St.'),('C2941D96-ECDB-C733-D252-3665CE6312AC','Lillian Daniels','1915-06-28 00:00:00','Ap #965-1811 Enim St.'),('71A52EA1-3604-64E9-5B19-F78AAE82E79D','Fitzgerald Morrison','1993-01-11 00:00:00','P.O. Box 587, 4571 Integer Ave'),('77C142BC-12D3-0A37-88D8-30179734451F','Germaine Hendricks','1977-02-02 00:00:00','P.O. Box 465, 307 Quis Rd.'),('4EF09218-C1B8-0748-EDD8-BD99806B8CD2','Brent Morton','1973-05-16 00:00:00','Ap #187-1861 Nulla St.'),('115B4269-5C49-D8BA-AE4F-4A2A375CA5C7','Gisela Clark','1959-02-05 00:00:00','Ap #926-5464 Ante, Av.'),('F69749B5-D2EA-D4D4-69C0-DB7864AA14DA','Kelsie Hardin','1925-10-08 00:00:00','Ap #676-8148 Sed Rd.'),('ACDB3519-9963-E665-D15D-4DF427F4B9DA','Iola Kennedy','1915-04-20 00:00:00','140-1821 Tortor St.'),('1D5780B1-122B-4B2A-AB5D-28EA5D1BEDF0','Harriet Miller','1949-09-01 00:00:00','801-5211 Lorem Avenue'),('4372B18F-3616-F19D-6CBC-8118CB3487CB','Chastity Harvey','1900-06-04 00:00:00','P.O. Box 481, 1966 Magna Road'),('BA673744-B768-85DF-376F-3775FEA33E95','Neil Preston','2011-11-04 00:00:00','Ap #224-9796 Viverra. Av.'),('ED2CCE9D-14A8-9AC7-6A70-B2E45E6CCC1A','Christian Banks','2003-11-16 00:00:00','180-4587 Arcu. St.'),('665EEA10-21A2-69AE-B901-CB1A98124BAC','Levi Hanson','2009-03-12 00:00:00','5345 Enim Rd.'),('8CE30596-4766-5091-83BA-7E2E53182D4C','Allistair Garner','1933-02-16 00:00:00','Ap #183-543 Ac Rd.'),('5E3B4813-D352-C325-3C54-0E9711B3A0AF','Linda Dillard','1957-09-12 00:00:00','972-9713 Nullam St.');
/*!40000 ALTER TABLE `costumer` ENABLE KEYS */;
UNLOCK TABLES;

--
-- Table structure for table `delivery`
--

DROP TABLE IF EXISTS `delivery`;
/*!40101 SET @saved_cs_client     = @@character_set_client */;
/*!50503 SET character_set_client = utf8mb4 */;
CREATE TABLE `delivery` (
  `delivery_time` datetime DEFAULT NULL,
  `UID_DC` varchar(45) NOT NULL,
  `UID_DD` varchar(45) NOT NULL,
  KEY `fk.de_costumer_idx` (`UID_DC`),
  KEY `fk.de_dliveryman_idx` (`UID_DD`),
  CONSTRAINT `fk.de_costumer` FOREIGN KEY (`UID_DC`) REFERENCES `costumer` (`UID_C`),
  CONSTRAINT `fk.de_dliveryman` FOREIGN KEY (`UID_DD`) REFERENCES `deliveryman` (`UID_D`)
) ENGINE=InnoDB DEFAULT CHARSET=utf8mb4 COLLATE=utf8mb4_0900_ai_ci;
/*!40101 SET character_set_client = @saved_cs_client */;

--
-- Dumping data for table `delivery`
--

LOCK TABLES `delivery` WRITE;
/*!40000 ALTER TABLE `delivery` DISABLE KEYS */;
INSERT INTO `delivery` VALUES ('2022-09-26 13:02:34','54FB59CE-B68C-D4A4-8E7F-62BE955AF34B','F246B1EA-682C-0855-DD02-A52315CB80B0'),('2024-03-16 22:22:32','E656E92D-ECB3-4D1A-0474-890B45435E07','7BBE49DD-8EA7-E43C-8814-7545A2E912E4'),('2022-09-22 12:26:35','E6E9149A-273C-C884-BE67-3DEB6F7E0B42','8FCA3659-50C1-5E6E-0827-BDE77B9B5267'),('2023-07-30 07:05:52','EE3A6197-B3C3-F5A6-86BC-7E9C98A29C37','84DBA561-3B7C-5E01-29B0-036BB26CE474'),('2023-09-14 19:49:05','C1B48CB0-A74B-4717-3BCC-DD3DC39A5C3C','CBEDFA19-3CDC-1822-E8A9-6AC7DF5813DF'),('2022-07-29 17:14:35','6129D118-523F-E517-C8B9-C07425CAD56D','3E9F5565-8D6E-6BE5-CF19-3E89A8C8BF95'),('2022-12-29 05:04:42','3E19A5EA-A877-4EDD-93A8-8CE27EC798B8','C83D5D95-6B4C-8B90-424D-88BC6143D34B'),('2023-10-19 10:34:41','FAE47E15-AD69-F351-FFB9-A45A51DC3A7E','A34F736D-5AD6-DAAF-D993-9C1DA41038C0'),('2023-05-01 10:19:46','90BB1C77-0A23-891B-0BC6-FA218279F626','C7FD2555-8714-7AAC-B5FC-13C6E3B91593'),('2022-12-22 08:15:25','63C6AD62-16C2-D19B-752A-9F42442698F2','2488942B-EA59-D7E8-9C81-6F1E833E9B77'),('2022-07-02 21:51:45','4E3492BB-46B1-F763-8CD3-371562C9B308','40BCC5B7-4AC8-7A32-2991-325445CEC1A4'),('2023-05-21 08:38:47','5AF82D99-8B85-D60A-C7FF-166A47144BB4','40BCC5B7-4AC8-7A32-2991-325445CEC1A4'),('2023-02-01 18:28:34','1375144F-2274-DA59-949A-AFDFE221C232','C7FD2555-8714-7AAC-B5FC-13C6E3B91593'),('2023-09-04 19:20:00','ADF5EA19-4BE7-E88E-DA87-DD0487B1C141','A34F736D-5AD6-DAAF-D993-9C1DA41038C0'),('2022-03-28 11:03:25','436D9D54-B29D-218D-85A7-5E1980C65DCE','A34F736D-5AD6-DAAF-D993-9C1DA41038C0'),('2022-07-24 07:10:52','690D5972-51E0-3338-74E9-F24D1B6EFD14','CBEDFA19-3CDC-1822-E8A9-6AC7DF5813DF'),('2023-12-18 14:43:29','59154B2D-9BDB-A74B-4155-AFC52124C67A','40BCC5B7-4AC8-7A32-2991-325445CEC1A4'),('2023-03-18 02:33:54','CB657A4D-89F7-D7FC-BD77-1126AF78BB88','7BBE49DD-8EA7-E43C-8814-7545A2E912E4'),('2023-11-10 13:37:02','0C5CEEB4-A40A-A156-2B7F-DC3F495C4A75','A34F736D-5AD6-DAAF-D993-9C1DA41038C0'),('2022-05-29 07:12:11','B8614771-4CDC-3969-F8E8-0B86CE5A1184','CBEDFA19-3CDC-1822-E8A9-6AC7DF5813DF'),('2023-09-22 00:33:26','F63EA73B-B37B-10B3-B6AF-37C25D3A827F','7BBE49DD-8EA7-E43C-8814-7545A2E912E4'),('2023-05-03 18:27:33','CE386349-71B3-5A83-5369-95A3489C56DB','F246B1EA-682C-0855-DD02-A52315CB80B0'),('2022-05-20 16:58:52','1CE84FDE-65DD-3AB1-C58D-9D7321269CAD','F246B1EA-682C-0855-DD02-A52315CB80B0'),('2024-01-12 11:47:14','4321B16C-E7B6-BA1B-3965-5E3778FC46CA','C7FD2555-8714-7AAC-B5FC-13C6E3B91593'),('2023-03-10 21:43:13','64974D69-A974-15D4-9CA5-8EEA73E25D9D','84DBA561-3B7C-5E01-29B0-036BB26CE474'),('2022-05-15 23:43:47','C42B453D-BAA9-E736-BA93-945920654E8C','84DBA561-3B7C-5E01-29B0-036BB26CE474'),('2022-05-15 23:39:31','C2941D96-ECDB-C733-D252-3665CE6312AC','A34F736D-5AD6-DAAF-D993-9C1DA41038C0'),('2023-03-15 01:15:25','71A52EA1-3604-64E9-5B19-F78AAE82E79D','7BBE49DD-8EA7-E43C-8814-7545A2E912E4'),('2022-07-31 08:36:05','77C142BC-12D3-0A37-88D8-30179734451F','3E9F5565-8D6E-6BE5-CF19-3E89A8C8BF95'),('2023-06-24 14:04:57','4EF09218-C1B8-0748-EDD8-BD99806B8CD2','40BCC5B7-4AC8-7A32-2991-325445CEC1A4'),('2023-08-18 10:46:45','115B4269-5C49-D8BA-AE4F-4A2A375CA5C7','3E9F5565-8D6E-6BE5-CF19-3E89A8C8BF95'),('2023-07-18 23:22:53','F69749B5-D2EA-D4D4-69C0-DB7864AA14DA','A34F736D-5AD6-DAAF-D993-9C1DA41038C0'),('2024-02-15 08:39:13','ACDB3519-9963-E665-D15D-4DF427F4B9DA','3E9F5565-8D6E-6BE5-CF19-3E89A8C8BF95'),('2023-06-24 01:22:08','1D5780B1-122B-4B2A-AB5D-28EA5D1BEDF0','C7FD2555-8714-7AAC-B5FC-13C6E3B91593'),('2022-06-12 12:46:08','4372B18F-3616-F19D-6CBC-8118CB3487CB','7BBE49DD-8EA7-E43C-8814-7545A2E912E4'),('2023-04-25 22:58:21','BA673744-B768-85DF-376F-3775FEA33E95','84DBA561-3B7C-5E01-29B0-036BB26CE474'),('2022-05-08 11:53:00','ED2CCE9D-14A8-9AC7-6A70-B2E45E6CCC1A','A34F736D-5AD6-DAAF-D993-9C1DA41038C0'),('2023-07-22 19:36:49','665EEA10-21A2-69AE-B901-CB1A98124BAC','F246B1EA-682C-0855-DD02-A52315CB80B0'),('2022-10-18 06:01:09','8CE30596-4766-5091-83BA-7E2E53182D4C','CBEDFA19-3CDC-1822-E8A9-6AC7DF5813DF'),('2023-03-03 21:44:12','5E3B4813-D352-C325-3C54-0E9711B3A0AF','CBEDFA19-3CDC-1822-E8A9-6AC7DF5813DF'),('2022-04-02 03:42:56','F63EA73B-B37B-10B3-B6AF-37C25D3A827F','3E9F5565-8D6E-6BE5-CF19-3E89A8C8BF95'),('2022-07-12 04:32:09','F63EA73B-B37B-10B3-B6AF-37C25D3A827F','40BCC5B7-4AC8-7A32-2991-325445CEC1A4'),('2022-10-14 23:25:45','90BB1C77-0A23-891B-0BC6-FA218279F626','A34F736D-5AD6-DAAF-D993-9C1DA41038C0'),('2024-01-06 01:32:39','E656E92D-ECB3-4D1A-0474-890B45435E07','7BBE49DD-8EA7-E43C-8814-7545A2E912E4'),('2022-07-13 10:50:19','90BB1C77-0A23-891B-0BC6-FA218279F626','2488942B-EA59-D7E8-9C81-6F1E833E9B77'),('2023-10-13 15:18:06','FAE47E15-AD69-F351-FFB9-A45A51DC3A7E','C7FD2555-8714-7AAC-B5FC-13C6E3B91593'),('2023-03-24 15:41:17','E656E92D-ECB3-4D1A-0474-890B45435E07','C7FD2555-8714-7AAC-B5FC-13C6E3B91593'),('2022-03-23 12:07:25','FAE47E15-AD69-F351-FFB9-A45A51DC3A7E','F246B1EA-682C-0855-DD02-A52315CB80B0'),('2023-01-18 12:52:49','FAE47E15-AD69-F351-FFB9-A45A51DC3A7E','C7FD2555-8714-7AAC-B5FC-13C6E3B91593'),('2023-05-08 06:22:53','90BB1C77-0A23-891B-0BC6-FA218279F626','84DBA561-3B7C-5E01-29B0-036BB26CE474'),('2023-08-14 07:49:20','E656E92D-ECB3-4D1A-0474-890B45435E07','2488942B-EA59-D7E8-9C81-6F1E833E9B77'),('2022-05-10 19:15:25','E656E92D-ECB3-4D1A-0474-890B45435E07','40BCC5B7-4AC8-7A32-2991-325445CEC1A4'),('2024-01-06 21:35:08','90BB1C77-0A23-891B-0BC6-FA218279F626','2488942B-EA59-D7E8-9C81-6F1E833E9B77'),('2023-06-29 02:36:16','E6E9149A-273C-C884-BE67-3DEB6F7E0B42','A34F736D-5AD6-DAAF-D993-9C1DA41038C0'),('2023-11-24 08:39:44','E6E9149A-273C-C884-BE67-3DEB6F7E0B42','F246B1EA-682C-0855-DD02-A52315CB80B0'),('2023-11-29 22:07:17','C42B453D-BAA9-E736-BA93-945920654E8C','84DBA561-3B7C-5E01-29B0-036BB26CE474'),('2022-09-03 23:46:29','E6E9149A-273C-C884-BE67-3DEB6F7E0B42','40BCC5B7-4AC8-7A32-2991-325445CEC1A4'),('2022-09-23 03:34:26','C42B453D-BAA9-E736-BA93-945920654E8C','CBEDFA19-3CDC-1822-E8A9-6AC7DF5813DF'),('2024-01-19 03:23:21','E6E9149A-273C-C884-BE67-3DEB6F7E0B42','40BCC5B7-4AC8-7A32-2991-325445CEC1A4'),('2022-12-24 17:32:38','C42B453D-BAA9-E736-BA93-945920654E8C','C7FD2555-8714-7AAC-B5FC-13C6E3B91593');
/*!40000 ALTER TABLE `delivery` ENABLE KEYS */;
UNLOCK TABLES;

--
-- Table structure for table `deliveryman`
--

DROP TABLE IF EXISTS `deliveryman`;
/*!40101 SET @saved_cs_client     = @@character_set_client */;
/*!50503 SET character_set_client = utf8mb4 */;
CREATE TABLE `deliveryman` (
  `UID_D` varchar(45) NOT NULL,
  `Dname` varchar(45) NOT NULL,
  `phone_number` varchar(45) DEFAULT NULL,
  `work_status` varchar(45) DEFAULT NULL,
  KEY `fk.dm_user_idx` (`UID_D`),
  CONSTRAINT `fk.dm_user` FOREIGN KEY (`UID_D`) REFERENCES `user` (`UID`)
) ENGINE=InnoDB DEFAULT CHARSET=utf8mb4 COLLATE=utf8mb4_0900_ai_ci;
/*!40101 SET character_set_client = @saved_cs_client */;

--
-- Dumping data for table `deliveryman`
--

LOCK TABLES `deliveryman` WRITE;
/*!40000 ALTER TABLE `deliveryman` DISABLE KEYS */;
INSERT INTO `deliveryman` VALUES ('F246B1EA-682C-0855-DD02-A52315CB80B0','Lunea Franklin','(933) 384-8485','available'),('7BBE49DD-8EA7-E43C-8814-7545A2E912E4','Clinton Nguyen','1-876-246-7436','available'),('8FCA3659-50C1-5E6E-0827-BDE77B9B5267','Abbot Burnett','1-612-332-1641','available'),('1DC87520-907D-14DA-4CA7-D5498AF8A94D','Kylee Hyde','1-846-649-3163','unavailable'),('BBEDA4B1-54D4-102E-CA6E-2F7DCFD19C1C','Yuli Huff','1-117-627-5078','unavailable'),('84DBA561-3B7C-5E01-29B0-036BB26CE474','Alana Reilly','1-376-649-7602','available'),('E2E0DD72-3705-C606-C115-C2D1FC6678EA','Sebastian Kinney','(648) 342-8521','unavailable'),('A8340CE3-6666-1740-E8B9-35B5C5344E6B','Ignatius Leach','1-521-728-7899','unavailable'),('8A2FBBF5-6485-6434-7381-1A6973D117B1','Ryan Elliott','1-957-739-2741','unavailable'),('CBEDFA19-3CDC-1822-E8A9-6AC7DF5813DF','McKenzie Summers','1-901-669-4162','available'),('3E9F5565-8D6E-6BE5-CF19-3E89A8C8BF95','Charissa Washington','(472) 372-7172','available'),('507CB1EC-837E-D22D-B9EB-7E93B9391781','Abel Gross','(950) 280-1674','unavailable'),('C83D5D95-6B4C-8B90-424D-88BC6143D34B','Charlotte Goodman','1-966-389-3063','available'),('A34F736D-5AD6-DAAF-D993-9C1DA41038C0','Linus Dodson','1-607-852-5089','available'),('C7FD2555-8714-7AAC-B5FC-13C6E3B91593','Avye Thornton','1-357-843-7244','available'),('5552F75B-87EC-36CC-CFD1-796B7569548E','Rosalyn Mccarty','1-948-864-4623','unavailable'),('7D4B6E19-E96D-AB8A-9A66-B7B26488D661','Ora Haynes','1-848-546-0196','unavailable'),('2488942B-EA59-D7E8-9C81-6F1E833E9B77','Victoria Hall','1-423-352-5787','available'),('40BCC5B7-4AC8-7A32-2991-325445CEC1A4','Brendan Ballard','1-803-803-6815','available'),('57AE78E4-0242-B070-5FD6-06236528774D','Shoshana Heath','(474) 945-7548','unavailable');
/*!40000 ALTER TABLE `deliveryman` ENABLE KEYS */;
UNLOCK TABLES;

--
-- Table structure for table `order`
--

DROP TABLE IF EXISTS `order`;
/*!40101 SET @saved_cs_client     = @@character_set_client */;
/*!50503 SET character_set_client = utf8mb4 */;
CREATE TABLE `order` (
  `OID` varchar(45) NOT NULL,
  `status` int DEFAULT NULL,
  `order_time` datetime DEFAULT NULL,
  `UID_OC` varchar(45) NOT NULL,
  `UID_OD` varchar(45) NOT NULL,
  PRIMARY KEY (`OID`),
  KEY `fk.or_costumer_idx` (`UID_OC`),
  KEY `fk.or_deliveryman_idx` (`UID_OD`),
  CONSTRAINT `fk.or_costumer` FOREIGN KEY (`UID_OC`) REFERENCES `costumer` (`UID_C`),
  CONSTRAINT `fk.or_deliveryman` FOREIGN KEY (`UID_OD`) REFERENCES `deliveryman` (`UID_D`)
) ENGINE=InnoDB DEFAULT CHARSET=utf8mb4 COLLATE=utf8mb4_0900_ai_ci;
/*!40101 SET character_set_client = @saved_cs_client */;

--
-- Dumping data for table `order`
--

LOCK TABLES `order` WRITE;
/*!40000 ALTER TABLE `order` DISABLE KEYS */;
INSERT INTO `order` VALUES ('AZ7262WD3CN',0,'2023-06-08 04:05:29','3E19A5EA-A877-4EDD-93A8-8CE27EC798B8','C83D5D95-6B4C-8B90-424D-88BC6143D34B'),('BD9158AL4VO',0,'2024-01-29 21:51:03','C42B453D-BAA9-E736-BA93-945920654E8C','84DBA561-3B7C-5E01-29B0-036BB26CE474'),('BF4965XQ7UT',0,'2022-12-24 03:11:32','8CE30596-4766-5091-83BA-7E2E53182D4C','CBEDFA19-3CDC-1822-E8A9-6AC7DF5813DF'),('CF1439OV3YP',1,'2022-09-05 15:30:09','E6E9149A-273C-C884-BE67-3DEB6F7E0B42','40BCC5B7-4AC8-7A32-2991-325445CEC1A4'),('CS4838FS2JK',0,'2022-11-19 20:28:00','4E3492BB-46B1-F763-8CD3-371562C9B308','40BCC5B7-4AC8-7A32-2991-325445CEC1A4'),('DE3811FR7UT',0,'2023-09-10 08:44:26','C42B453D-BAA9-E736-BA93-945920654E8C','84DBA561-3B7C-5E01-29B0-036BB26CE474'),('DG2583IS4UG',0,'2022-04-24 17:10:44','FAE47E15-AD69-F351-FFB9-A45A51DC3A7E','A34F736D-5AD6-DAAF-D993-9C1DA41038C0'),('DG6877GL5PF',0,'2023-03-12 19:30:35','4EF09218-C1B8-0748-EDD8-BD99806B8CD2','40BCC5B7-4AC8-7A32-2991-325445CEC1A4'),('DR2843DT3VQ',1,'2023-07-15 19:51:12','6129D118-523F-E517-C8B9-C07425CAD56D','3E9F5565-8D6E-6BE5-CF19-3E89A8C8BF95'),('DT2681BU4WV',0,'2023-08-01 00:20:46','E6E9149A-273C-C884-BE67-3DEB6F7E0B42','8FCA3659-50C1-5E6E-0827-BDE77B9B5267'),('DX4642GI2HF',1,'2023-11-22 21:43:04','54FB59CE-B68C-D4A4-8E7F-62BE955AF34B','F246B1EA-682C-0855-DD02-A52315CB80B0'),('EL8326OX7US',1,'2024-02-11 08:28:33','B8614771-4CDC-3969-F8E8-0B86CE5A1184','CBEDFA19-3CDC-1822-E8A9-6AC7DF5813DF'),('EV2470GL2CC',0,'2024-02-11 08:17:52','ED2CCE9D-14A8-9AC7-6A70-B2E45E6CCC1A','A34F736D-5AD6-DAAF-D993-9C1DA41038C0'),('EV4537UC1JE',0,'2023-05-22 17:23:43','E656E92D-ECB3-4D1A-0474-890B45435E07','40BCC5B7-4AC8-7A32-2991-325445CEC1A4'),('FD7874FI4DB',0,'2022-08-17 00:26:17','C42B453D-BAA9-E736-BA93-945920654E8C','C7FD2555-8714-7AAC-B5FC-13C6E3B91593'),('GD8184VH2XZ',1,'2022-11-23 15:58:33','CE386349-71B3-5A83-5369-95A3489C56DB','F246B1EA-682C-0855-DD02-A52315CB80B0'),('GI3461YI1HE',1,'2023-01-21 16:52:01','BA673744-B768-85DF-376F-3775FEA33E95','84DBA561-3B7C-5E01-29B0-036BB26CE474'),('GJ8986JX8NL',0,'2023-09-22 17:12:08','690D5972-51E0-3338-74E9-F24D1B6EFD14','CBEDFA19-3CDC-1822-E8A9-6AC7DF5813DF'),('GP2261SM2SI',1,'2023-04-30 08:26:09','90BB1C77-0A23-891B-0BC6-FA218279F626','C7FD2555-8714-7AAC-B5FC-13C6E3B91593'),('GU2781WP1UX',0,'2024-02-13 23:15:19','E6E9149A-273C-C884-BE67-3DEB6F7E0B42','A34F736D-5AD6-DAAF-D993-9C1DA41038C0'),('GX5753SE5GP',0,'2022-09-04 06:25:31','E6E9149A-273C-C884-BE67-3DEB6F7E0B42','F246B1EA-682C-0855-DD02-A52315CB80B0'),('HB6858NX4VX',1,'2023-06-23 04:39:37','F69749B5-D2EA-D4D4-69C0-DB7864AA14DA','A34F736D-5AD6-DAAF-D993-9C1DA41038C0'),('HI5487CS8UG',0,'2023-04-09 12:24:15','E656E92D-ECB3-4D1A-0474-890B45435E07','7BBE49DD-8EA7-E43C-8814-7545A2E912E4'),('HZ6099ML6YP',0,'2024-01-22 11:24:46','0C5CEEB4-A40A-A156-2B7F-DC3F495C4A75','A34F736D-5AD6-DAAF-D993-9C1DA41038C0'),('IP2391EW6PM',0,'2023-03-16 18:40:21','1CE84FDE-65DD-3AB1-C58D-9D7321269CAD','F246B1EA-682C-0855-DD02-A52315CB80B0'),('JE6719VP3ZV',1,'2023-05-16 13:21:22','FAE47E15-AD69-F351-FFB9-A45A51DC3A7E','C7FD2555-8714-7AAC-B5FC-13C6E3B91593'),('JI8338NO3SD',0,'2024-02-09 04:25:29','115B4269-5C49-D8BA-AE4F-4A2A375CA5C7','3E9F5565-8D6E-6BE5-CF19-3E89A8C8BF95'),('JW7355IN6XF',0,'2024-02-05 20:42:10','EE3A6197-B3C3-F5A6-86BC-7E9C98A29C37','84DBA561-3B7C-5E01-29B0-036BB26CE474'),('JY8049WW5PC',0,'2023-02-27 20:24:21','FAE47E15-AD69-F351-FFB9-A45A51DC3A7E','C7FD2555-8714-7AAC-B5FC-13C6E3B91593'),('JY8107XD8YM',1,'2023-08-24 01:44:34','90BB1C77-0A23-891B-0BC6-FA218279F626','2488942B-EA59-D7E8-9C81-6F1E833E9B77'),('KH8395PB5VJ',0,'2023-02-05 14:59:47','C1B48CB0-A74B-4717-3BCC-DD3DC39A5C3C','CBEDFA19-3CDC-1822-E8A9-6AC7DF5813DF'),('KQ6317IH5GU',0,'2023-06-07 19:01:15','F63EA73B-B37B-10B3-B6AF-37C25D3A827F','40BCC5B7-4AC8-7A32-2991-325445CEC1A4'),('LL1474LB2CI',0,'2023-06-23 08:04:27','4321B16C-E7B6-BA1B-3965-5E3778FC46CA','C7FD2555-8714-7AAC-B5FC-13C6E3B91593'),('LT4250PD5XJ',1,'2023-09-19 05:32:45','CB657A4D-89F7-D7FC-BD77-1126AF78BB88','7BBE49DD-8EA7-E43C-8814-7545A2E912E4'),('MB9836TP6NH',1,'2023-07-31 16:28:03','E656E92D-ECB3-4D1A-0474-890B45435E07','7BBE49DD-8EA7-E43C-8814-7545A2E912E4'),('MG7613EG4NN',0,'2023-09-27 05:52:09','90BB1C77-0A23-891B-0BC6-FA218279F626','84DBA561-3B7C-5E01-29B0-036BB26CE474'),('MH9553VO2JY',0,'2022-10-25 20:29:49','5E3B4813-D352-C325-3C54-0E9711B3A0AF','CBEDFA19-3CDC-1822-E8A9-6AC7DF5813DF'),('MJ6336CC8NY',0,'2023-11-23 21:38:59','ADF5EA19-4BE7-E88E-DA87-DD0487B1C141','A34F736D-5AD6-DAAF-D993-9C1DA41038C0'),('ML2582KF2MV',1,'2023-03-28 14:01:05','90BB1C77-0A23-891B-0BC6-FA218279F626','A34F736D-5AD6-DAAF-D993-9C1DA41038C0'),('NA6072OF3RO',0,'2022-09-12 17:46:13','71A52EA1-3604-64E9-5B19-F78AAE82E79D','7BBE49DD-8EA7-E43C-8814-7545A2E912E4'),('NR8952NQ3PP',0,'2023-04-02 03:09:55','64974D69-A974-15D4-9CA5-8EEA73E25D9D','84DBA561-3B7C-5E01-29B0-036BB26CE474'),('OP7181OI6EN',0,'2022-06-19 04:27:24','4372B18F-3616-F19D-6CBC-8118CB3487CB','7BBE49DD-8EA7-E43C-8814-7545A2E912E4'),('QF3030QB3FB',1,'2022-06-22 09:54:00','E6E9149A-273C-C884-BE67-3DEB6F7E0B42','40BCC5B7-4AC8-7A32-2991-325445CEC1A4'),('QL2408QS7CE',0,'2022-11-04 22:30:41','E656E92D-ECB3-4D1A-0474-890B45435E07','C7FD2555-8714-7AAC-B5FC-13C6E3B91593'),('QL5244XG5QL',0,'2022-06-25 21:34:06','77C142BC-12D3-0A37-88D8-30179734451F','3E9F5565-8D6E-6BE5-CF19-3E89A8C8BF95'),('RT8113IO9AU',0,'2023-11-09 03:45:35','436D9D54-B29D-218D-85A7-5E1980C65DCE','A34F736D-5AD6-DAAF-D993-9C1DA41038C0'),('SF4231JK6WY',1,'2022-06-10 19:25:20','665EEA10-21A2-69AE-B901-CB1A98124BAC','F246B1EA-682C-0855-DD02-A52315CB80B0'),('SF5593HC7IP',1,'2023-12-04 13:48:34','FAE47E15-AD69-F351-FFB9-A45A51DC3A7E','F246B1EA-682C-0855-DD02-A52315CB80B0'),('TG6854KU3JN',1,'2023-09-15 13:54:34','59154B2D-9BDB-A74B-4155-AFC52124C67A','40BCC5B7-4AC8-7A32-2991-325445CEC1A4'),('TL5063KP8XH',0,'2022-07-25 19:48:37','63C6AD62-16C2-D19B-752A-9F42442698F2','2488942B-EA59-D7E8-9C81-6F1E833E9B77'),('TT7971VX1OO',1,'2024-01-19 03:25:15','90BB1C77-0A23-891B-0BC6-FA218279F626','2488942B-EA59-D7E8-9C81-6F1E833E9B77'),('UW6336JY0WP',0,'2023-12-30 22:02:17','1D5780B1-122B-4B2A-AB5D-28EA5D1BEDF0','C7FD2555-8714-7AAC-B5FC-13C6E3B91593'),('VT4098JN8SC',1,'2023-04-07 23:39:43','1375144F-2274-DA59-949A-AFDFE221C232','C7FD2555-8714-7AAC-B5FC-13C6E3B91593'),('XQ8925DS5NM',1,'2023-09-03 12:37:04','5AF82D99-8B85-D60A-C7FF-166A47144BB4','40BCC5B7-4AC8-7A32-2991-325445CEC1A4'),('XW4629KW6BT',0,'2023-10-22 08:07:40','E656E92D-ECB3-4D1A-0474-890B45435E07','2488942B-EA59-D7E8-9C81-6F1E833E9B77'),('YE3368IX5IY',0,'2023-09-17 07:04:31','ACDB3519-9963-E665-D15D-4DF427F4B9DA','3E9F5565-8D6E-6BE5-CF19-3E89A8C8BF95'),('YI1872IS2UN',1,'2022-05-25 19:33:14','F63EA73B-B37B-10B3-B6AF-37C25D3A827F','7BBE49DD-8EA7-E43C-8814-7545A2E912E4'),('YO9857TQ2RU',1,'2023-10-12 23:04:51','C42B453D-BAA9-E736-BA93-945920654E8C','CBEDFA19-3CDC-1822-E8A9-6AC7DF5813DF'),('YV7347XG4HK',0,'2024-01-29 10:04:31','F63EA73B-B37B-10B3-B6AF-37C25D3A827F','3E9F5565-8D6E-6BE5-CF19-3E89A8C8BF95'),('ZT2202DW8VH',0,'2022-12-27 10:30:15','C2941D96-ECDB-C733-D252-3665CE6312AC','A34F736D-5AD6-DAAF-D993-9C1DA41038C0');
/*!40000 ALTER TABLE `order` ENABLE KEYS */;
UNLOCK TABLES;

--
-- Table structure for table `orderdetails`
--

DROP TABLE IF EXISTS `orderdetails`;
/*!40101 SET @saved_cs_client     = @@character_set_client */;
/*!50503 SET character_set_client = utf8mb4 */;
CREATE TABLE `orderdetails` (
  `OID` varchar(45) NOT NULL,
  `price` varchar(45) DEFAULT NULL,
  `amount` int DEFAULT NULL,
  `PID_O` varchar(45) NOT NULL,
  KEY `od_fk_o_idx` (`OID`),
  KEY `od_fk_p_idx` (`PID_O`),
  CONSTRAINT `od_fk_o` FOREIGN KEY (`OID`) REFERENCES `order` (`OID`),
  CONSTRAINT `od_fk_p` FOREIGN KEY (`PID_O`) REFERENCES `productlist` (`PID`)
) ENGINE=InnoDB DEFAULT CHARSET=utf8mb4 COLLATE=utf8mb4_0900_ai_ci;
/*!40101 SET character_set_client = @saved_cs_client */;

--
-- Dumping data for table `orderdetails`
--

LOCK TABLES `orderdetails` WRITE;
/*!40000 ALTER TABLE `orderdetails` DISABLE KEYS */;
INSERT INTO `orderdetails` VALUES ('AZ7262WD3CN','61.93',6,'EXB21XOS2HW'),('BD9158AL4VO','94.68',9,'AXT61NAL5ID'),('BF4965XQ7UT','59.51',1,'MLY02OJT1CM'),('CF1439OV3YP','40.20',10,'MJU42PMR8FP'),('CS4838FS2JK','38.73',8,'PVR27LBR8YE'),('DE3811FR7UT','43.04',2,'AYT49FSW1KY'),('DG2583IS4UG','80.44',1,'HHS17IPH4BN'),('DG6877GL5PF','11.44',7,'UJU38QEL9FI'),('DR2843DT3VQ','13.10',2,'LSS20ZGD6GF'),('DT2681BU4WV','73.81',9,'QNI95AYL1ZD'),('DX4642GI2HF','62.33',3,'QXU59HQH1BO'),('EL8326OX7US','98.62',4,'RSF91NFH2QM'),('EV2470GL2CC','60.24',3,'MWG98GFP2MQ'),('EV4537UC1JE','32.45',9,'OQY36UBK5YX'),('FD7874FI4DB','69.71',2,'PSC81ORH3LF'),('GD8184VH2XZ','83.30',1,'BEQ48KEZ6IS'),('GI3461YI1HE','8.97',7,'YJK62WII9FH'),('GJ8986JX8NL','69.56',7,'NRG81AKV4CQ'),('GP2261SM2SI','43.50',3,'UPR78EAX5EU'),('GU2781WP1UX','88.49',6,'IIM47GYK2KJ'),('GX5753SE5GP','15.60',9,'BUN98BXC6AN'),('HB6858NX4VX','46.26',6,'NNH37KPF8FI'),('HI5487CS8UG','39.35',9,'QVC77TFH7QU'),('HZ6099ML6YP','38.50',3,'UZX12ELZ4LK'),('IP2391EW6PM','78.31',5,'RZL78ESW4CU'),('JE6719VP3ZV','82.60',9,'IEE51HJG6SG'),('JI8338NO3SD','19.43',8,'NRN57CLU7FK'),('JW7355IN6XF','6.66',3,'FKD59KPR8PL'),('JY8049WW5PC','94.80',2,'SBD41BNJ5US'),('JY8107XD8YM','59.47',7,'JNO49KPV3VF'),('KH8395PB5VJ','68.74',8,'BLA22FXH0JD'),('KQ6317IH5GU','12.04',2,'AKN35GJA2DF'),('LL1474LB2CI','8.68',6,'GZS48KSX3XZ'),('LT4250PD5XJ','50.54',5,'IWD15UEY3YO'),('MB9836TP6NH','77.90',8,'XDF56LSG5XT'),('MG7613EG4NN','23.57',2,'VTK78OSS7OS'),('MH9553VO2JY','3.32',2,'TDB58BSS1OC'),('MJ6336CC8NY','19.69',0,'XGW45FMI3WZ'),('ML2582KF2MV','47.28',4,'LJR82RHJ4WV'),('NA6072OF3RO','68.28',1,'SQD67YUQ8UQ'),('NR8952NQ3PP','29.21',1,'ZEP01RWL0IT'),('OP7181OI6EN','86.64',3,'KZH32SFB2CH'),('QF3030QB3FB','26.21',7,'YXR23DPG0BL'),('QL2408QS7CE','80.25',5,'DYO19SVH3WL'),('QL5244XG5QL','6.33',3,'KUM03OBY0NP'),('RT8113IO9AU','69.26',7,'WOQ32MJJ8YL'),('SF4231JK6WY','12.49',6,'PMT50GUI2PO'),('SF5593HC7IP','24.58',6,'MSW47ZOL6OI'),('TG6854KU3JN','6.48',4,'GKL87OVX5KG'),('TL5063KP8XH','64.20',5,'XDD17QUC8KB'),('TT7971VX1OO','74.21',3,'DQX83NTR8KY'),('UW6336JY0WP','71.50',6,'GOS36YQV8BP'),('VT4098JN8SC','74.02',8,'KYG87XBN6BN'),('XQ8925DS5NM','3.90',1,'OJK36VKX4UE'),('XW4629KW6BT','67.51',7,'YEJ68NQG0YY'),('YE3368IX5IY','70.23',8,'OQG83VON1IH'),('YI1872IS2UN','8.37',5,'SAB14CUL7NH'),('YO9857TQ2RU','25.46',5,'CUO27FPB6VL'),('YV7347XG4HK','86.20',8,'UIT05EXH2VE'),('ZT2202DW8VH','29.79',6,'GTB27KGB8CS');
/*!40000 ALTER TABLE `orderdetails` ENABLE KEYS */;
UNLOCK TABLES;

--
-- Table structure for table `productlist`
--

DROP TABLE IF EXISTS `productlist`;
/*!40101 SET @saved_cs_client     = @@character_set_client */;
/*!50503 SET character_set_client = utf8mb4 */;
CREATE TABLE `productlist` (
  `PID` varchar(45) NOT NULL,
  `Pname` varchar(45) DEFAULT NULL,
  `price` varchar(45) DEFAULT NULL,
  `BID_P` varchar(45) NOT NULL,
  PRIMARY KEY (`PID`),
  KEY `fk.pl_b_idx` (`BID_P`),
  CONSTRAINT `fk.pl_b` FOREIGN KEY (`BID_P`) REFERENCES `business` (`BID`)
) ENGINE=InnoDB DEFAULT CHARSET=utf8mb4 COLLATE=utf8mb4_0900_ai_ci;
/*!40101 SET character_set_client = @saved_cs_client */;

--
-- Dumping data for table `productlist`
--

LOCK TABLES `productlist` WRITE;
/*!40000 ALTER TABLE `productlist` DISABLE KEYS */;
INSERT INTO `productlist` VALUES ('AKN35GJA2DF','rhoncus. Nullam velit dui, semper','$9.77','5B9B44BA-DAD6-B28B-1DEB-393AE80C4E57'),('AXT61NAL5ID','Nunc sed','$94.86','26A71F63-D92B-E431-3943-999EADB0A766'),('AYT49FSW1KY','nunc. In at pede. Cras','$69.22','62F52858-DE09-C636-542C-A2A4B63B7E83'),('BEQ48KEZ6IS','enim, gravida','$22.07','7AA868EA-13CC-D635-CCBA-61204ADC0B85'),('BLA22FXH0JD','ipsum sodales purus,','$91.07','BBE41394-31DC-A548-4729-29AFD4ACB964'),('BUN98BXC6AN','posuere cubilia','$87.13','46CE7895-4839-3E27-6CE8-8EC04527DF33'),('CUO27FPB6VL','sollicitudin adipiscing ligula. Aenean','$0.29','DA09BECE-22E6-061A-4BB9-C8772941C4F5'),('DQX83NTR8KY','litora torquent','$24.09','756B581F-8A9E-EB86-6311-1BECB6B8DBDE'),('DYO19SVH3WL','odio a','$68.77','93C75237-E4CC-BF56-E295-541AB8203BC3'),('EXB21XOS2HW','faucibus orci luctus et ultrices','$57.71','353984AE-AAEB-8431-4963-555275C119A8'),('FKD59KPR8PL','sed, hendrerit a, arcu.','$13.43','905C3BD9-AAD2-7ED8-825D-5CD0412490B1'),('GKL87OVX5KG','semper. Nam tempor diam','$73.36','1517CBC2-134B-7111-BF46-997AAE589190'),('GOS36YQV8BP','malesuada malesuada. Integer id magna','$51.84','3B274C25-B938-B5E5-75D8-DEAE1BE17894'),('GTB27KGB8CS','eget varius ultrices, mauris ipsum porta','$79.28','0D3C18F2-18DA-2B59-2C64-8A7886E0DC5C'),('GZS48KSX3XZ','diam luctus lobortis. Class aptent taciti','$84.65','BCD7DEDA-257E-A6BA-6652-29D08DE34443'),('HHS17IPH4BN','egestas a, scelerisque sed,','$91.54','8897A7A7-E53A-1716-5281-CF240B559ACE'),('IEE51HJG6SG','nec orci. Donec nibh. Quisque nonummy','$34.21','9A795601-785D-408B-32CE-2A91F6D30E7D'),('IIM47GYK2KJ','cubilia Curae','$84.65','B2BBF661-A8B4-A14B-C2F8-7377DBCEC5DB'),('IWD15UEY3YO','Nulla interdum.','$70.52','676EC8D6-56D6-C399-A666-26B822297018'),('JNO49KPV3VF','massa rutrum magna. Cras convallis','$37.67','5821A6D4-D233-B63B-87BD-2B12AC523BD4'),('KUM03OBY0NP','eget metus. In nec orci. Donec','$23.23','9165AAA9-E87C-9CB5-B3BC-31C1B9F66ECE'),('KYG87XBN6BN','non, luctus sit amet, faucibus ut,','$62.81','3B01AC63-BA7D-1B47-BFAA-786707EC0E58'),('KZH32SFB2CH','purus, in molestie','$80.04','7E7A4AA7-1E59-D385-1509-A6099FABF565'),('LJR82RHJ4WV','diam','$34.58','713A633B-BFE4-0457-F65B-6B8646026997'),('LSS20ZGD6GF','vestibulum','$81.76','AF0B085F-8D4C-A8D5-2D77-CB6694D8B6B0'),('MJU42PMR8FP','lacus. Quisque purus sapien, gravida','$79.30','71B74980-1100-3303-6B02-BCF3EC19680A'),('MLY02OJT1CM','libero mauris, aliquam eu,','$32.82','151A3B46-0111-85AA-678C-B1ACC7D96D93'),('MSW47ZOL6OI','Curabitur ut odio vel est','$91.85','77D28AA2-FDCD-0E2E-BD8B-8B6287483BC6'),('MWG98GFP2MQ','Aliquam','$88.21','595DE671-233F-CEE4-AD51-801310F27163'),('NNH37KPF8FI','eu','$80.61','6B8B3ED8-8231-C622-3D15-088DC35787C8'),('NRG81AKV4CQ','convallis dolor. Quisque','$82.55','35E28CBD-C5DB-3878-A282-BF51BE013AD7'),('NRN57CLU7FK','nec luctus','$74.67','894A1B6F-D9EB-1352-BC87-FDC67EE19519'),('OJK36VKX4UE','Aliquam tincidunt, nunc ac','$88.05','88AB8394-123C-A98B-937C-BDE893D35699'),('OQG83VON1IH','posuere vulputate,','$21.57','435ECCE4-DF9B-DC22-002C-A675237893E4'),('OQY36UBK5YX','eu, ligula.','$79.97','CE35FE40-51FB-4591-5A22-8E5F568E5495'),('PMT50GUI2PO','Phasellus dapibus quam','$16.89','76346154-38B3-F5D1-56F4-A5BBDE8F4AB2'),('PSC81ORH3LF','aliquam eu,','$26.34','BF02C4AC-CEAE-B917-5A11-BDC87A64AA35'),('PVR27LBR8YE','Vivamus sit amet','$18.82','8DC0DEC6-2EE4-264E-38A2-2042F4632314'),('QNI95AYL1ZD','eu elit.','$53.77','E8923C84-967B-15A4-CC40-09F939E59974'),('QVC77TFH7QU','non, lacinia at, iaculis quis,','$34.53','4E69714C-0E24-D96F-5A92-2E450FBA4D44'),('QXU59HQH1BO','posuere','$5.84','67BD638C-0634-446F-E88F-C3C7121952AA'),('RSF91NFH2QM','at, libero. Morbi','$65.61','6ACA8577-C6D9-50BB-89C1-E5A2A04A8233'),('RZL78ESW4CU','vitae sodales nisi magna sed dui.','$17.66','6126651C-4FFF-5BF5-BCB0-666B6B214DAD'),('SAB14CUL7NH','elit, dictum eu,','$31.30','37D5C3FC-37E3-2E6A-5932-19A968055921'),('SBD41BNJ5US','aptent taciti','$47.16','020C92EB-F947-8B44-A3D9-23D8EBE31733'),('SQD67YUQ8UQ','egestas lacinia. Sed','$27.85','D882A318-98B3-6A90-49D8-838A28ACD483'),('TDB58BSS1OC','Phasellus nulla. Integer vulputate,','$98.83','85E68EEB-F1FC-E8A9-47C9-B4F67257D632'),('UIT05EXH2VE','interdum. Nunc','$49.66','C884C55B-2369-A4D6-F845-1256FA775D37'),('UJU38QEL9FI','eget, venenatis a, magna. Lorem','$98.15','43A0D716-8CB4-9542-D3D8-9A703CD515B2'),('UPR78EAX5EU','pellentesque a, facilisis','$24.09','E4A77430-232B-638D-A6D8-B613776D2AEF'),('UZX12ELZ4LK','pharetra ut, pharetra sed,','$75.82','E197CC2D-CC8B-342E-F148-54990FE9F046'),('VTK78OSS7OS','malesuada fames ac turpis','$21.51','E367F6AE-5CA6-E0D4-4343-AE69479D88D6'),('WOQ32MJJ8YL','ac metus vitae','$3.12','8B695FBC-47DD-DB58-D1BA-6672DB5BD1EA'),('XDD17QUC8KB','Nulla eu neque pellentesque massa lobortis','$46.06','376E8F80-9F24-52A2-4AD8-7A4512B9D59B'),('XDF56LSG5XT','lobortis risus. In mi pede,','$59.45','B8C4E787-07EA-C77E-B5B4-D5FD89AB4764'),('XGW45FMI3WZ','amet nulla. Donec non','$78.31','695B2055-4448-8239-BAA6-3DA6EA982BDB'),('YEJ68NQG0YY','ac, feugiat non, lobortis quis,','$99.77','7B25BBBF-224D-496B-D463-A54B468506F8'),('YJK62WII9FH','velit dui,','$70.04','DCD9928E-3B8A-A61B-8380-90A5D2169CBE'),('YXR23DPG0BL','sem eget massa. Suspendisse eleifend. Cras','$14.29','BF02C4AC-CEAE-B917-5A11-BDC87A64AA35'),('ZEP01RWL0IT','at, velit.','$93.71','2CD6C23C-2D14-762F-9B37-7A553B7A240D');
/*!40000 ALTER TABLE `productlist` ENABLE KEYS */;
UNLOCK TABLES;

--
-- Table structure for table `review`
--

DROP TABLE IF EXISTS `review`;
/*!40101 SET @saved_cs_client     = @@character_set_client */;
/*!50503 SET character_set_client = utf8mb4 */;
CREATE TABLE `review` (
  `RID` varchar(45) NOT NULL,
  `star_rate` int NOT NULL,
  `keywords` text,
  `text_comment` text,
  `BID_R` varchar(45) NOT NULL,
  `UID_R` varchar(45) NOT NULL,
  PRIMARY KEY (`RID`),
  KEY `fk.re_user_idx` (`UID_R`),
  KEY `fk.re_buss'_idx` (`BID_R`),
  CONSTRAINT `fk.re_buss'` FOREIGN KEY (`BID_R`) REFERENCES `business` (`BID`),
  CONSTRAINT `fk.re_user` FOREIGN KEY (`UID_R`) REFERENCES `user` (`UID`)
) ENGINE=InnoDB DEFAULT CHARSET=utf8mb4 COLLATE=utf8mb4_0900_ai_ci;
/*!40101 SET character_set_client = @saved_cs_client */;

--
-- Dumping data for table `review`
--

LOCK TABLES `review` WRITE;
/*!40000 ALTER TABLE `review` DISABLE KEYS */;
INSERT INTO `review` VALUES ('0A8EA7D4-B521-AC65-4766-1614E54B484B',7,'Proin nisl sem,','hendrerit a, arcu. Sed et libero. Proin mi. Aliquam gravida mauris ut mi. Duis risus odio, auctor vitae, aliquet nec, imperdiet nec, leo. Morbi neque tellus, imperdiet non, vestibulum nec, euismod in, dolor. Fusce feugiat. Lorem ipsum dolor sit amet, consectetuer adipiscing elit. Aliquam auctor, velit eget laoreet posuere, enim nisl','938EA983-8E8E-6E7C-BC7E-E145EA9B147D','5AF82D99-8B85-D60A-C7FF-166A47144BB4'),('0B063EDD-798D-4866-042C-0416553066B6',10,'nunc id enim.','lobortis quis, pede. Suspendisse dui. Fusce diam nunc, ullamcorper eu, euismod ac, fermentum vel, mauris. Integer sem elit, pharetra ut, pharetra sed, hendrerit a, arcu. Sed et libero. Proin mi. Aliquam gravida mauris ut mi. Duis risus odio, auctor vitae, aliquet nec, imperdiet nec, leo. Morbi neque tellus, imperdiet non, vestibulum nec, euismod in, dolor. Fusce feugiat. Lorem ipsum dolor sit amet, consectetuer adipiscing elit. Aliquam auctor, velit eget laoreet posuere, enim nisl elementum purus, accumsan interdum libero','E9CEAAC7-2B83-EF67-478A-234A7318B8B0','FAE47E15-AD69-F351-FFB9-A45A51DC3A7E'),('0F75519F-ACB7-B9C9-CFA4-179B487944A4',1,'in faucibus orci','sagittis placerat. Cras dictum ultricies ligula. Nullam enim. Sed nulla ante, iaculis nec, eleifend non, dapibus rutrum, justo. Praesent luctus. Curabitur egestas nunc sed libero. Proin sed turpis nec mauris blandit mattis. Cras eget nisi dictum augue malesuada malesuada. Integer id magna et ipsum cursus vestibulum. Mauris magna. Duis dignissim tempor arcu. Vestibulum ut eros non enim commodo hendrerit. Donec porttitor tellus non magna. Nam ligula elit, pretium et, rutrum non, hendrerit id, ante. Nunc mauris sapien, cursus in, hendrerit consectetuer, cursus et, magna. Praesent interdum ligula eu enim. Etiam imperdiet','85E68EEB-F1FC-E8A9-47C9-B4F67257D632','54FB59CE-B68C-D4A4-8E7F-62BE955AF34B'),('1036CC27-3352-5B12-9653-3B397925C849',9,'faucibus ut, nulla.','rutrum non, hendrerit id, ante. Nunc mauris sapien, cursus in, hendrerit consectetuer, cursus et, magna. Praesent interdum ligula eu enim. Etiam imperdiet dictum magna. Ut tincidunt orci quis lectus. Nullam suscipit, est ac facilisis facilisis, magna tellus faucibus leo, in lobortis tellus justo sit amet nulla. Donec non justo. Proin non massa non ante bibendum ullamcorper. Duis cursus, diam at pretium aliquet, metus urna convallis','D135473C-F562-4C57-D5D8-236ACCC96724','436D9D54-B29D-218D-85A7-5E1980C65DCE'),('114D33C4-8078-9B65-673C-9241BBD9E44C',1,'Donec sollicitudin adipiscing','in felis. Nulla tempor augue ac ipsum. Phasellus vitae mauris sit amet lorem semper auctor. Mauris vel turpis. Aliquam adipiscing lobortis risus. In mi pede, nonummy ut, molestie in, tempus eu, ligula. Aenean euismod mauris eu elit. Nulla facilisi. Sed neque. Sed eget lacus. Mauris non dui nec urna suscipit nonummy. Fusce fermentum','435ECCE4-DF9B-DC22-002C-A675237893E4','ACDB3519-9963-E665-D15D-4DF427F4B9DA'),('1482176B-4DE1-D4AE-BF39-4D8083E81E68',6,'Nulla semper tellus','in faucibus orci luctus et ultrices posuere cubilia Curae Donec tincidunt. Donec vitae erat vel pede blandit congue. In scelerisque scelerisque dui. Suspendisse ac metus vitae velit egestas lacinia. Sed congue, elit sed consequat auctor, nunc nulla vulputate dui, nec tempus mauris erat eget ipsum. Suspendisse sagittis. Nullam vitae diam. Proin dolor. Nulla semper tellus id nunc interdum feugiat. Sed nec metus facilisis lorem tristique aliquet. Phasellus fermentum convallis ligula. Donec luctus aliquet odio. Etiam ligula tortor,','B8C4E787-07EA-C77E-B5B4-D5FD89AB4764','E656E92D-ECB3-4D1A-0474-890B45435E07'),('15120B6D-9C71-A141-C8EB-66BA0CAB2196',5,'ridiculus mus. Proin','Sed eget lacus. Mauris non dui nec urna suscipit nonummy. Fusce fermentum fermentum arcu. Vestibulum ante ipsum primis in faucibus orci luctus et ultrices posuere cubilia Curae Phasellus ornare. Fusce mollis. Duis','0D3C18F2-18DA-2B59-2C64-8A7886E0DC5C','C2941D96-ECDB-C733-D252-3665CE6312AC'),('17C97C6D-ED93-E35C-D7BA-53299ECE2166',9,'ac mattis semper,','non, bibendum sed, est. Nunc laoreet lectus quis massa. Mauris vestibulum, neque sed dictum eleifend, nunc risus varius orci, in consequat enim diam vel arcu. Curabitur ut odio vel est tempor bibendum. Donec felis orci, adipiscing non, luctus sit amet, faucibus ut, nulla. Cras eu tellus eu augue porttitor interdum. Sed auctor odio a purus. Duis elementum, dui quis accumsan convallis, ante lectus convallis','26A71F63-D92B-E431-3943-999EADB0A766','665EEA10-21A2-69AE-B901-CB1A98124BAC'),('1872083D-197C-5BF4-27CC-836A35F171C1',0,'nulla magna, malesuada','Curabitur consequat, lectus sit amet luctus vulputate, nisi sem semper erat, in consectetuer ipsum nunc id enim. Curabitur massa. Vestibulum accumsan neque et','905C3BD9-AAD2-7ED8-825D-5CD0412490B1','EE3A6197-B3C3-F5A6-86BC-7E9C98A29C37'),('1ED3B1EB-B9B1-C7BC-E219-D221685EA912',2,'eget laoreet posuere,','nisl. Quisque fringilla euismod enim. Etiam gravida molestie arcu. Sed eu nibh vulputate mauris sagittis placerat. Cras dictum ultricies ligula. Nullam enim. Sed nulla ante, iaculis nec, eleifend non, dapibus rutrum, justo. Praesent luctus. Curabitur egestas nunc sed libero. Proin sed turpis nec mauris blandit mattis. Cras eget nisi dictum augue malesuada malesuada. Integer id magna et ipsum cursus vestibulum. Mauris magna. Duis dignissim tempor arcu. Vestibulum ut eros non enim commodo hendrerit. Donec porttitor tellus non magna. Nam ligula elit, pretium et, rutrum non, hendrerit id, ante. Nunc mauris sapien, cursus in, hendrerit consectetuer,','558192EC-4587-AB67-28CD-A3AE59B97AB6','EE3A6197-B3C3-F5A6-86BC-7E9C98A29C37'),('20282C02-4A62-A692-5D12-5EE1EBF298D4',9,'diam lorem, auctor','metus facilisis lorem tristique aliquet. Phasellus fermentum convallis ligula. Donec luctus aliquet odio. Etiam ligula tortor, dictum eu, placerat eget, venenatis a, magna. Lorem ipsum dolor sit amet, consectetuer adipiscing elit. Etiam laoreet, libero et tristique pellentesque, tellus sem mollis dui, in sodales elit erat vitae risus. Duis a mi fringilla mi lacinia mattis. Integer eu lacus. Quisque imperdiet, erat nonummy ultricies ornare, elit elit fermentum risus, at fringilla purus mauris a nunc. In at pede. Cras vulputate velit eu sem. Pellentesque ut ipsum ac mi eleifend egestas. Sed pharetra,','695B2055-4448-8239-BAA6-3DA6EA982BDB','ADF5EA19-4BE7-E88E-DA87-DD0487B1C141'),('313CB555-1036-E839-F75D-455880AC4CBE',9,'neque venenatis lacus.','dui, semper et, lacinia vitae, sodales at, velit. Pellentesque ultricies dignissim lacus. Aliquam rutrum lorem ac risus. Morbi metus. Vivamus euismod urna. Nullam lobortis quam a felis ullamcorper viverra. Maecenas iaculis aliquet diam. Sed diam lorem, auctor quis, tristique ac, eleifend vitae, erat. Vivamus nisi. Mauris nulla. Integer urna. Vivamus molestie dapibus ligula. Aliquam erat volutpat. Nulla dignissim. Maecenas ornare egestas ligula. Nullam feugiat placerat velit. Quisque varius. Nam porttitor scelerisque neque. Nullam nisl. Maecenas malesuada fringilla est. Mauris eu turpis. Nulla aliquet. Proin velit. Sed malesuada augue ut','CC6CC738-83AE-4C00-575E-C4EFBE181AE6','1375144F-2274-DA59-949A-AFDFE221C232'),('33B836AB-5424-F602-76D1-E585ECC6217A',8,'in sodales elit','Mauris magna. Duis dignissim tempor arcu. Vestibulum ut eros non enim commodo hendrerit. Donec porttitor tellus non magna. Nam ligula elit, pretium et, rutrum non, hendrerit id, ante. Nunc mauris sapien, cursus in, hendrerit consectetuer, cursus et, magna. Praesent interdum ligula eu enim. Etiam imperdiet dictum magna. Ut tincidunt orci quis lectus. Nullam suscipit, est ac facilisis facilisis, magna tellus faucibus leo, in lobortis tellus','1D6C437E-9559-4D19-4E51-A7691CA28058','54FB59CE-B68C-D4A4-8E7F-62BE955AF34B'),('3449E855-CC22-69EC-2BAB-E54DB7416289',8,'mattis velit justo','pellentesque eget, dictum placerat, augue. Sed molestie. Sed id risus quis diam luctus lobortis. Class aptent taciti sociosqu ad litora torquent per conubia nostra, per inceptos hymenaeos. Mauris ut quam vel sapien imperdiet ornare. In faucibus. Morbi vehicula. Pellentesque tincidunt tempus risus. Donec egestas. Duis ac arcu. Nunc mauris. Morbi non sapien molestie orci tincidunt adipiscing. Mauris molestie pharetra nibh. Aliquam ornare, libero at auctor ullamcorper,','76346154-38B3-F5D1-56F4-A5BBDE8F4AB2','665EEA10-21A2-69AE-B901-CB1A98124BAC'),('380DF8B6-6C5D-B2CB-D5A0-10DF9DBBD3D9',10,'auctor, nunc nulla','ac libero nec ligula consectetuer rhoncus. Nullam velit dui, semper et, lacinia vitae, sodales at, velit. Pellentesque ultricies dignissim lacus. Aliquam rutrum lorem ac risus. Morbi metus. Vivamus euismod urna. Nullam lobortis quam a felis ullamcorper viverra. Maecenas iaculis aliquet diam. Sed diam lorem, auctor quis, tristique ac, eleifend vitae, erat.','BBE41394-31DC-A548-4729-29AFD4ACB964','C1B48CB0-A74B-4717-3BCC-DD3DC39A5C3C'),('39484F25-5C1B-2E3D-2217-83180B3F50EA',2,'Nulla interdum. Curabitur','Nulla eget metus eu erat semper rutrum. Fusce dolor quam, elementum at, egestas a,','7AA868EA-13CC-D635-CCBA-61204ADC0B85','CE386349-71B3-5A83-5369-95A3489C56DB'),('395303DD-9058-EC4A-8F6F-258E3764C33B',1,'vulputate mauris sagittis','metus vitae velit egestas lacinia. Sed congue, elit sed consequat auctor, nunc nulla vulputate dui,','CE35FE40-51FB-4591-5A22-8E5F568E5495','59154B2D-9BDB-A74B-4155-AFC52124C67A'),('395AFEEF-35D6-CEDA-774A-98821D5BC344',7,'vestibulum massa rutrum','tristique neque venenatis lacus. Etiam bibendum fermentum metus. Aenean sed pede nec ante blandit viverra. Donec tempus, lorem fringilla ornare placerat, orci lacus vestibulum lorem, sit amet ultricies sem','9A83A1AA-8D81-E696-CC9A-B784F8F4B9D8','FAE47E15-AD69-F351-FFB9-A45A51DC3A7E'),('3ADB7B7C-9A9E-C8CB-5A6D-FC743CB2696E',3,'elit. Nulla facilisi.','mollis lectus pede et risus. Quisque libero lacus, varius et, euismod et, commodo at, libero. Morbi accumsan laoreet ipsum. Curabitur consequat, lectus sit amet luctus vulputate, nisi sem semper erat, in consectetuer ipsum nunc id enim. Curabitur massa. Vestibulum accumsan','BF02C4AC-CEAE-B917-5A11-BDC87A64AA35','ACDB3519-9963-E665-D15D-4DF427F4B9DA'),('3F33D55B-C7D4-3BD5-1DD6-69677C83D456',3,'libero. Proin sed','nec tempus mauris erat eget ipsum. Suspendisse sagittis. Nullam vitae diam. Proin dolor. Nulla semper tellus id nunc interdum feugiat. Sed nec metus facilisis lorem tristique aliquet. Phasellus fermentum convallis ligula. Donec luctus aliquet odio. Etiam','756B581F-8A9E-EB86-6311-1BECB6B8DBDE','54FB59CE-B68C-D4A4-8E7F-62BE955AF34B'),('3FC72694-E591-E7ED-A237-4E43F86F4129',4,'eros nec tellus.','senectus et netus et malesuada fames ac turpis egestas. Aliquam fringilla','5F47ACCB-C0E1-8585-8D31-A4CF34ED7181','5AF82D99-8B85-D60A-C7FF-166A47144BB4'),('461BE724-DE1E-304D-79AE-44391BEE1C3E',3,'Sed et libero.','gravida nunc sed pede. Cum sociis natoque penatibus et magnis dis parturient montes, nascetur ridiculus mus. Proin vel arcu eu odio tristique pharetra. Quisque ac libero nec ligula consectetuer rhoncus. Nullam velit dui, semper et, lacinia vitae, sodales at, velit. Pellentesque ultricies dignissim lacus. Aliquam rutrum lorem ac','1517CBC2-134B-7111-BF46-997AAE589190','59154B2D-9BDB-A74B-4155-AFC52124C67A'),('479B6A39-7D86-239B-874F-C9933DC22A36',5,'diam at pretium','dapibus gravida. Aliquam tincidunt, nunc ac mattis ornare, lectus ante dictum mi, ac mattis velit justo nec ante. Maecenas mi felis, adipiscing fringilla, porttitor vulputate, posuere vulputate, lacus. Cras interdum. Nunc sollicitudin commodo ipsum.','AF0B085F-8D4C-A8D5-2D77-CB6694D8B6B0','6129D118-523F-E517-C8B9-C07425CAD56D'),('4CEC7C8F-DC36-9E84-B933-5A1D16BB521A',3,'purus, in molestie','dictum ultricies ligula. Nullam enim. Sed nulla ante, iaculis nec, eleifend non, dapibus rutrum, justo. Praesent luctus. Curabitur egestas nunc sed libero. Proin sed turpis nec mauris blandit mattis. Cras eget nisi dictum augue malesuada malesuada. Integer id magna et ipsum','46CE7895-4839-3E27-6CE8-8EC04527DF33','ACDB3519-9963-E665-D15D-4DF427F4B9DA'),('4D5244E2-90EA-8D62-D336-8727465997B3',9,'neque. Sed eget','Sed nunc est, mollis non, cursus non, egestas a, dui. Cras pellentesque. Sed dictum. Proin eget odio. Aliquam vulputate ullamcorper magna.','AD87265D-0425-1CBE-07C2-A0E53F5185A7','3E19A5EA-A877-4EDD-93A8-8CE27EC798B8'),('4D833783-7DA5-7D24-E0DA-759BD123115F',6,'Donec egestas. Aliquam','a, facilisis non, bibendum sed, est. Nunc laoreet lectus quis massa. Mauris vestibulum, neque sed dictum eleifend, nunc risus varius orci, in consequat enim diam vel arcu. Curabitur ut odio vel est tempor bibendum. Donec felis orci, adipiscing non, luctus sit amet, faucibus ut, nulla. Cras eu tellus eu augue porttitor interdum. Sed auctor odio a purus. Duis elementum, dui quis accumsan convallis, ante lectus convallis est, vitae sodales nisi magna sed','4E69714C-0E24-D96F-5A92-2E450FBA4D44','77C142BC-12D3-0A37-88D8-30179734451F'),('5425AD2C-7C89-AA1E-D402-5CDD586EB0A8',7,'nunc id enim.','in, tempus eu, ligula. Aenean euismod mauris eu elit. Nulla facilisi. Sed neque. Sed eget lacus. Mauris non dui nec urna suscipit nonummy. Fusce fermentum fermentum arcu. Vestibulum ante ipsum primis in faucibus orci luctus et ultrices posuere cubilia Curae Phasellus ornare. Fusce mollis. Duis sit amet diam eu dolor egestas rhoncus. Proin nisl sem, consequat nec, mollis vitae, posuere at, velit. Cras lorem lorem, luctus ut, pellentesque eget, dictum placerat, augue. Sed molestie. Sed id risus quis diam luctus lobortis. Class aptent taciti sociosqu ad litora','47B7742A-3976-AC0A-B410-8E08C46DDF1D','54FB59CE-B68C-D4A4-8E7F-62BE955AF34B'),('5659BEBD-7BE3-B8B8-C9E1-4EC1C5414388',3,'pede. Nunc sed','dui lectus rutrum urna, nec luctus felis purus ac tellus. Suspendisse sed dolor. Fusce mi lorem, vehicula et, rutrum eu, ultrices sit amet, risus. Donec nibh enim, gravida sit amet, dapibus id, blandit at, nisi. Cum sociis natoque penatibus et magnis dis parturient montes, nascetur ridiculus mus. Proin vel nisl. Quisque fringilla euismod enim. Etiam gravida molestie arcu. Sed','6ACA8577-C6D9-50BB-89C1-E5A2A04A8233','B8614771-4CDC-3969-F8E8-0B86CE5A1184'),('5F08D418-4D3A-3654-2611-B7A2C2AC2AA0',9,'facilisis. Suspendisse commodo','Proin vel nisl. Quisque fringilla euismod enim. Etiam gravida molestie arcu. Sed eu nibh vulputate mauris sagittis placerat. Cras dictum ultricies ligula. Nullam enim. Sed nulla ante, iaculis nec, eleifend non, dapibus rutrum, justo. Praesent luctus. Curabitur egestas nunc sed libero. Proin sed turpis nec mauris blandit mattis. Cras eget nisi dictum augue','E8DBEB33-339E-9D96-72E6-9CA0127029E8','E6E9149A-273C-C884-BE67-3DEB6F7E0B42'),('615116C3-2D71-139F-E9ED-0393317C98C5',0,'est. Mauris eu','vestibulum massa rutrum magna. Cras convallis convallis dolor. Quisque tincidunt pede ac','8B695FBC-47DD-DB58-D1BA-6672DB5BD1EA','436D9D54-B29D-218D-85A7-5E1980C65DCE'),('675971B3-7D5C-7547-DE5D-773D8DE5B1B9',8,'mollis nec, cursus','nec luctus felis purus ac tellus. Suspendisse sed dolor. Fusce mi lorem, vehicula et,','9165AAA9-E87C-9CB5-B3BC-31C1B9F66ECE','77C142BC-12D3-0A37-88D8-30179734451F'),('67DEBAA7-41FE-7ACB-2287-D6C588C44AAF',0,'lobortis augue scelerisque','elementum, dui quis accumsan convallis, ante lectus convallis est, vitae sodales nisi magna sed dui. Fusce aliquam, enim nec tempus scelerisque, lorem ipsum sodales purus, in molestie tortor nibh sit amet orci. Ut sagittis lobortis mauris. Suspendisse aliquet molestie tellus. Aenean egestas hendrerit neque. In ornare sagittis felis. Donec tempor, est ac mattis semper, dui lectus rutrum urna, nec luctus felis purus ac tellus. Suspendisse sed dolor. Fusce mi lorem, vehicula et, rutrum eu, ultrices sit amet,','E4A77430-232B-638D-A6D8-B613776D2AEF','90BB1C77-0A23-891B-0BC6-FA218279F626'),('680451AB-4AA3-80A1-5EAB-9CED6B5D3CDB',3,'luctus aliquet odio.','facilisis eget, ipsum. Donec sollicitudin adipiscing ligula. Aenean gravida nunc sed pede. Cum sociis natoque penatibus et magnis dis parturient montes, nascetur ridiculus mus. Proin vel arcu eu odio tristique pharetra. Quisque ac libero nec ligula consectetuer rhoncus. Nullam velit dui, semper et, lacinia vitae, sodales at, velit. Pellentesque ultricies dignissim lacus. Aliquam rutrum lorem ac risus. Morbi metus. Vivamus euismod urna. Nullam lobortis quam','353984AE-AAEB-8431-4963-555275C119A8','3E19A5EA-A877-4EDD-93A8-8CE27EC798B8'),('693035B2-0668-555A-5DC5-66E2D55F8517',8,'purus, in molestie','risus. Nulla eget metus eu erat semper rutrum. Fusce dolor quam, elementum at, egestas a, scelerisque sed, sapien. Nunc pulvinar arcu et pede. Nunc sed orci lobortis augue scelerisque mollis. Phasellus libero mauris, aliquam eu, accumsan sed, facilisis vitae, orci. Phasellus dapibus quam quis diam. Pellentesque habitant morbi tristique senectus et netus et malesuada fames ac turpis egestas. Fusce','3D2C14B1-1F03-CB72-9982-27354172D726','90BB1C77-0A23-891B-0BC6-FA218279F626'),('6ACEAACE-D5E6-A2FB-0DDB-B10217AAF418',5,'vulputate eu, odio.','feugiat nec, diam. Duis mi enim, condimentum eget, volutpat ornare, facilisis eget, ipsum. Donec sollicitudin adipiscing ligula. Aenean gravida nunc sed pede. Cum sociis natoque penatibus et magnis dis parturient montes, nascetur ridiculus mus. Proin vel arcu eu odio tristique pharetra. Quisque ac libero nec ligula consectetuer rhoncus. Nullam velit dui, semper et, lacinia vitae, sodales at, velit. Pellentesque ultricies dignissim lacus. Aliquam rutrum lorem ac risus. Morbi metus.','C884C55B-2369-A4D6-F845-1256FA775D37','54FB59CE-B68C-D4A4-8E7F-62BE955AF34B'),('6AF123AA-6E9E-1C67-B844-45E648BA7652',1,'in sodales elit','dis parturient montes, nascetur ridiculus mus. Proin vel nisl. Quisque fringilla euismod enim. Etiam gravida molestie arcu. Sed eu nibh vulputate mauris sagittis placerat. Cras dictum ultricies ligula. Nullam enim. Sed nulla ante, iaculis nec, eleifend non, dapibus rutrum, justo. Praesent luctus. Curabitur egestas nunc sed libero. Proin sed turpis','1DEC9168-7ABA-6CD8-A50B-B50FFE23B19A','6129D118-523F-E517-C8B9-C07425CAD56D'),('73D512CC-19B8-2B3B-3EC9-C11B9BD344C1',10,'eleifend egestas. Sed','ultricies ornare, elit elit fermentum risus, at fringilla purus mauris a nunc. In at pede. Cras vulputate velit eu sem. Pellentesque ut ipsum ac mi eleifend egestas. Sed pharetra, felis eget varius ultrices, mauris ipsum porta elit, a feugiat tellus lorem','151A3B46-0111-85AA-678C-B1ACC7D96D93','8CE30596-4766-5091-83BA-7E2E53182D4C'),('78624F9F-D751-A387-5BC9-B5094AE47ACC',1,'Fusce dolor quam,','purus. Duis elementum, dui quis accumsan convallis, ante lectus convallis est, vitae sodales nisi magna sed dui. Fusce aliquam, enim nec tempus scelerisque, lorem ipsum sodales purus, in molestie tortor nibh sit amet orci. Ut sagittis lobortis mauris. Suspendisse aliquet molestie tellus. Aenean egestas hendrerit neque. In ornare sagittis felis. Donec tempor, est ac mattis semper, dui lectus rutrum urna, nec luctus felis purus ac tellus.','67BD638C-0634-446F-E88F-C3C7121952AA','54FB59CE-B68C-D4A4-8E7F-62BE955AF34B'),('7B999979-CC5C-4869-411E-105B6BC689BE',1,'hymenaeos. Mauris ut','tempus eu, ligula. Aenean euismod mauris eu elit. Nulla facilisi. Sed neque. Sed eget lacus. Mauris non dui nec urna suscipit nonummy. Fusce fermentum fermentum arcu. Vestibulum ante ipsum primis in faucibus orci luctus et ultrices posuere cubilia Curae Phasellus ornare. Fusce mollis. Duis sit amet diam eu dolor egestas rhoncus. Proin nisl sem, consequat nec, mollis vitae,','7B25BBBF-224D-496B-D463-A54B468506F8','B8614771-4CDC-3969-F8E8-0B86CE5A1184'),('7D4129F3-A94C-C673-C248-3EB9DFDD73C4',4,'nibh lacinia orci,','pharetra nibh. Aliquam ornare, libero at auctor ullamcorper, nisl arcu iaculis enim, sit amet ornare lectus justo eu arcu. Morbi sit amet massa. Quisque porttitor eros nec tellus.','4E69714C-0E24-D96F-5A92-2E450FBA4D44','ACDB3519-9963-E665-D15D-4DF427F4B9DA'),('7E1BE76D-7C4E-D814-5ADC-FCD35EF643CB',6,'et malesuada fames','dui augue eu tellus. Phasellus elit pede, malesuada vel, venenatis vel, faucibus id, libero. Donec consectetuer mauris id sapien. Cras dolor dolor, tempus non, lacinia at, iaculis quis, pede. Praesent eu dui. Cum sociis natoque penatibus et magnis dis parturient montes, nascetur ridiculus mus. Aenean eget magna. Suspendisse tristique neque venenatis lacus. Etiam bibendum fermentum','A05FAD6F-D2EC-B7D2-7189-67C5474AC8B6','4E3492BB-46B1-F763-8CD3-371562C9B308'),('7EA55C54-6FE7-3229-A142-441D6DE174E6',0,'faucibus. Morbi vehicula.','scelerisque, lorem ipsum sodales purus, in molestie tortor nibh sit amet orci. Ut sagittis lobortis mauris. Suspendisse aliquet molestie tellus. Aenean egestas hendrerit neque. In ornare sagittis felis. Donec tempor, est ac mattis semper, dui lectus rutrum urna, nec luctus felis purus ac tellus. Suspendisse sed dolor. Fusce mi lorem, vehicula et, rutrum eu, ultrices sit amet, risus. Donec nibh enim, gravida sit amet, dapibus','894A1B6F-D9EB-1352-BC87-FDC67EE19519','115B4269-5C49-D8BA-AE4F-4A2A375CA5C7'),('7ED6E112-72E8-7E55-F961-6749329D262B',6,'neque et nunc.','et arcu imperdiet ullamcorper. Duis at lacus. Quisque purus sapien, gravida non, sollicitudin a, malesuada id, erat. Etiam vestibulum massa rutrum magna. Cras convallis convallis dolor. Quisque tincidunt pede ac urna. Ut tincidunt vehicula risus. Nulla eget metus eu erat semper rutrum. Fusce dolor quam, elementum at, egestas a, scelerisque sed, sapien. Nunc pulvinar arcu et pede. Nunc','1E4BB2E3-9C96-C77A-5A95-013C1666BE53','690D5972-51E0-3338-74E9-F24D1B6EFD14'),('854C54DD-87F0-4BD1-79B9-E9A9C54273B3',5,'semper. Nam tempor','augue malesuada malesuada. Integer id magna et ipsum cursus vestibulum. Mauris magna. Duis dignissim tempor arcu. Vestibulum ut eros non enim commodo hendrerit. Donec porttitor tellus non magna. Nam ligula elit, pretium et, rutrum non, hendrerit id, ante. Nunc mauris sapien, cursus in, hendrerit consectetuer, cursus et, magna. Praesent interdum ligula eu enim. Etiam imperdiet dictum magna. Ut tincidunt orci quis lectus. Nullam suscipit, est ac facilisis facilisis, magna tellus faucibus leo, in','D882A318-98B3-6A90-49D8-838A28ACD483','71A52EA1-3604-64E9-5B19-F78AAE82E79D'),('8B31E3BE-0552-430A-E7FC-9110718F252D',3,'lacinia vitae, sodales','fermentum vel, mauris. Integer sem elit, pharetra ut, pharetra sed, hendrerit a, arcu. Sed et libero. Proin mi. Aliquam gravida mauris ut mi. Duis risus odio, auctor vitae, aliquet nec, imperdiet nec,','B1BD4625-2B7D-26A1-1953-71A2295E11E6','90BB1C77-0A23-891B-0BC6-FA218279F626'),('8E4CB3B9-D7AC-49BE-C3D1-0A1BBE581084',7,'est tempor bibendum.','consequat auctor, nunc nulla vulputate dui, nec tempus mauris erat eget ipsum. Suspendisse sagittis. Nullam','5B9B44BA-DAD6-B28B-1DEB-393AE80C4E57','665EEA10-21A2-69AE-B901-CB1A98124BAC'),('8F28847D-A58B-6F2D-BD17-95BF4EA3B093',3,'neque. In ornare','faucibus id, libero. Donec consectetuer mauris id sapien. Cras dolor dolor, tempus non, lacinia at, iaculis quis, pede. Praesent eu dui. Cum sociis natoque penatibus et magnis dis parturient montes, nascetur ridiculus mus. Aenean','35E28CBD-C5DB-3878-A282-BF51BE013AD7','690D5972-51E0-3338-74E9-F24D1B6EFD14'),('95AD279E-E5A4-7AE7-C8D6-1B6A1BA3AD86',2,'vehicula risus. Nulla','Donec vitae erat vel pede blandit congue. In scelerisque scelerisque dui. Suspendisse ac','BCD7DEDA-257E-A6BA-6652-29D08DE34443','4321B16C-E7B6-BA1B-3965-5E3778FC46CA'),('9A819ADC-71F3-515E-A339-B392E28A5C70',7,'faucibus lectus, a','dignissim pharetra. Nam ac nulla. In tincidunt congue turpis. In condimentum. Donec at arcu. Vestibulum ante ipsum primis in faucibus orci luctus et ultrices posuere cubilia Curae Donec tincidunt. Donec vitae erat vel pede blandit congue. In scelerisque scelerisque dui. Suspendisse ac metus vitae velit egestas lacinia. Sed congue, elit sed consequat auctor, nunc nulla vulputate dui, nec tempus mauris erat eget ipsum. Suspendisse','DA09BECE-22E6-061A-4BB9-C8772941C4F5','ACDB3519-9963-E665-D15D-4DF427F4B9DA'),('9B345530-4B9C-8592-5AAE-E7A77B832F72',2,'amet nulla. Donec','est arcu ac orci. Ut semper pretium neque. Morbi quis urna. Nunc quis arcu vel quam dignissim pharetra. Nam ac nulla. In tincidunt congue turpis. In condimentum. Donec at arcu. Vestibulum ante ipsum primis in faucibus orci luctus et ultrices posuere cubilia Curae Donec tincidunt.','5821A6D4-D233-B63B-87BD-2B12AC523BD4','54FB59CE-B68C-D4A4-8E7F-62BE955AF34B'),('9BCB6814-D185-A1EA-D397-9CC6F9CB1F74',4,'parturient montes, nascetur','Pellentesque ut ipsum ac mi eleifend egestas. Sed pharetra, felis eget varius ultrices, mauris ipsum porta elit, a feugiat tellus lorem eu metus. In lorem. Donec elementum, lorem ut aliquam iaculis, lacus pede sagittis augue, eu tempor erat neque non quam. Pellentesque','842EA313-9653-A302-1CE5-6D91E886A958','4E3492BB-46B1-F763-8CD3-371562C9B308'),('9D6B2A54-64CD-4056-BF58-8B869CC1E388',8,'sollicitudin a, malesuada','Integer tincidunt aliquam arcu. Aliquam ultrices iaculis odio. Nam interdum enim non nisi. Aenean eget metus.','77D28AA2-FDCD-0E2E-BD8B-8B6287483BC6','77C142BC-12D3-0A37-88D8-30179734451F'),('9DA6D508-2562-E965-1976-573ABE5976F1',0,'pellentesque, tellus sem','Ut tincidunt vehicula risus. Nulla eget metus eu erat semper rutrum. Fusce dolor quam, elementum at, egestas a, scelerisque sed, sapien. Nunc pulvinar arcu et pede. Nunc sed orci lobortis augue scelerisque mollis. Phasellus libero mauris, aliquam eu, accumsan sed, facilisis vitae, orci. Phasellus dapibus quam quis diam. Pellentesque habitant morbi tristique senectus et netus et malesuada fames ac turpis egestas. Fusce aliquet magna a neque. Nullam ut nisi a odio semper cursus. Integer mollis. Integer tincidunt aliquam arcu. Aliquam ultrices iaculis odio. Nam interdum enim non nisi. Aenean eget metus.','62F52858-DE09-C636-542C-A2A4B63B7E83','C42B453D-BAA9-E736-BA93-945920654E8C'),('A0A3A99F-18BE-6965-5BA5-9C7DC14A175B',0,'mattis semper, dui','enim. Mauris quis turpis vitae purus gravida sagittis. Duis gravida. Praesent eu nulla at sem molestie sodales. Mauris blandit enim consequat purus. Maecenas libero est, congue a, aliquet vel, vulputate eu, odio. Phasellus at augue id ante dictum cursus. Nunc mauris elit, dictum eu, eleifend nec, malesuada ut, sem. Nulla interdum.','E197CC2D-CC8B-342E-F148-54990FE9F046','0C5CEEB4-A40A-A156-2B7F-DC3F495C4A75'),('A37796E4-AB28-F846-5D64-65C9C0A98FD3',8,'vulputate ullamcorper magna.','hendrerit consectetuer, cursus et, magna. Praesent interdum ligula eu enim. Etiam imperdiet dictum magna. Ut tincidunt orci quis lectus. Nullam suscipit, est ac facilisis','E367F6AE-5CA6-E0D4-4343-AE69479D88D6','115B4269-5C49-D8BA-AE4F-4A2A375CA5C7'),('A6838A9B-DA55-BC5C-4D6E-CBAE81ECE539',4,'libero. Donec consectetuer','vitae diam. Proin dolor. Nulla semper tellus id nunc interdum feugiat. Sed nec metus facilisis lorem','9A795601-785D-408B-32CE-2A91F6D30E7D','4EF09218-C1B8-0748-EDD8-BD99806B8CD2'),('A699C159-D8A5-329E-ECC9-88831AEC662B',6,'Nulla facilisis. Suspendisse','ac ipsum. Phasellus vitae mauris sit amet lorem semper auctor. Mauris vel turpis. Aliquam adipiscing lobortis risus. In mi pede, nonummy ut, molestie in, tempus eu, ligula. Aenean euismod mauris eu elit. Nulla facilisi. Sed neque. Sed eget lacus. Mauris non dui nec urna suscipit nonummy. Fusce fermentum fermentum arcu.','676EC8D6-56D6-C399-A666-26B822297018','CB657A4D-89F7-D7FC-BD77-1126AF78BB88'),('A85AE337-68B5-8A63-33C6-896AE4CD621A',10,'ultrices sit amet,','neque venenatis lacus. Etiam bibendum fermentum metus. Aenean sed pede nec ante blandit viverra. Donec tempus, lorem fringilla ornare placerat, orci lacus vestibulum lorem, sit amet ultricies sem magna nec quam. Curabitur vel lectus. Cum sociis natoque penatibus et magnis dis parturient montes, nascetur ridiculus mus. Donec dignissim magna a tortor. Nunc commodo auctor velit. Aliquam','93C75237-E4CC-BF56-E295-541AB8203BC3','71A52EA1-3604-64E9-5B19-F78AAE82E79D'),('A8E8A16E-827D-F8E1-428D-4359BFA72438',2,'vehicula. Pellentesque tincidunt','dis parturient montes, nascetur ridiculus mus. Aenean eget magna. Suspendisse tristique neque venenatis lacus. Etiam bibendum fermentum metus. Aenean sed pede nec ante blandit viverra. Donec tempus, lorem fringilla ornare placerat, orci lacus vestibulum lorem, sit amet ultricies sem magna nec quam. Curabitur vel lectus. Cum sociis natoque penatibus et magnis dis parturient montes, nascetur ridiculus mus. Donec dignissim magna a tortor. Nunc commodo auctor velit. Aliquam nisl.','CCD441B3-E13A-AC4E-B865-D55112B74953','ADF5EA19-4BE7-E88E-DA87-DD0487B1C141'),('AC49E798-BFDD-55B1-151C-CE5AFB9E28E9',3,'habitant morbi tristique','arcu. Curabitur ut odio vel est tempor bibendum. Donec felis orci, adipiscing non, luctus sit amet, faucibus ut, nulla. Cras eu tellus eu augue porttitor interdum. Sed auctor odio a purus. Duis elementum, dui quis accumsan convallis, ante lectus convallis est, vitae sodales nisi magna sed dui. Fusce aliquam, enim nec tempus scelerisque, lorem ipsum sodales purus, in molestie tortor nibh sit amet orci. Ut sagittis lobortis mauris. Suspendisse aliquet molestie tellus. Aenean','DDB0A465-C2AA-F4BF-BB51-2E2ED946CBC7','1375144F-2274-DA59-949A-AFDFE221C232'),('ACC8FEE5-E3E4-61C0-E03B-6834A59A4B3F',6,'nisi dictum augue','dictum sapien. Aenean massa. Integer vitae nibh. Donec est mauris, rhoncus id, mollis nec, cursus a, enim.','713A633B-BFE4-0457-F65B-6B8646026997','8CE30596-4766-5091-83BA-7E2E53182D4C'),('AD618565-7AE3-B1BD-EBE8-7A33802C8B17',3,'Nullam velit dui,','Phasellus nulla. Integer vulputate, risus a ultricies adipiscing, enim mi tempor lorem, eget mollis lectus pede et risus. Quisque libero lacus, varius et, euismod et, commodo at, libero. Morbi accumsan laoreet ipsum. Curabitur consequat, lectus sit amet luctus vulputate, nisi sem semper erat, in consectetuer ipsum nunc id enim. Curabitur massa. Vestibulum accumsan neque et nunc. Quisque ornare tortor at risus. Nunc ac sem ut dolor dapibus gravida. Aliquam tincidunt, nunc ac mattis ornare, lectus','88AB8394-123C-A98B-937C-BDE893D35699','5AF82D99-8B85-D60A-C7FF-166A47144BB4'),('AD9867A4-91A9-3305-43CC-5A65BB69806C',8,'congue, elit sed','ante lectus convallis est, vitae sodales nisi magna sed dui. Fusce aliquam, enim nec tempus scelerisque, lorem ipsum sodales purus, in molestie tortor nibh sit amet orci. Ut sagittis lobortis mauris. Suspendisse aliquet molestie tellus. Aenean egestas hendrerit neque. In ornare sagittis felis. Donec tempor, est ac mattis semper, dui lectus rutrum urna, nec luctus felis purus ac tellus. Suspendisse sed dolor. Fusce mi lorem, vehicula et, rutrum eu, ultrices sit amet, risus. Donec nibh enim, gravida sit amet, dapibus id,','376E8F80-9F24-52A2-4AD8-7A4512B9D59B','63C6AD62-16C2-D19B-752A-9F42442698F2'),('AF65791E-2862-C548-CDBA-2CD512406651',6,'montes, nascetur ridiculus','Vivamus euismod urna. Nullam lobortis quam a felis ullamcorper viverra. Maecenas','4E69714C-0E24-D96F-5A92-2E450FBA4D44','1375144F-2274-DA59-949A-AFDFE221C232'),('B025268B-43A6-9033-89AD-08EC8CCD038C',7,'magnis dis parturient','nibh enim, gravida sit amet, dapibus id, blandit at, nisi. Cum sociis natoque penatibus et magnis dis parturient montes, nascetur ridiculus mus. Proin vel nisl. Quisque fringilla euismod enim. Etiam gravida molestie arcu. Sed eu nibh vulputate mauris sagittis placerat. Cras dictum ultricies ligula. Nullam enim. Sed nulla ante, iaculis nec, eleifend non, dapibus rutrum, justo. Praesent luctus. Curabitur egestas nunc sed libero. Proin sed turpis nec mauris blandit mattis. Cras eget nisi dictum augue malesuada malesuada. Integer id magna et ipsum cursus vestibulum. Mauris magna. Duis','357691AC-C6BB-716C-AB22-358EDBB92BA4','5AF82D99-8B85-D60A-C7FF-166A47144BB4'),('B544AB2E-E1C7-3763-05F1-25BB31BE1B55',0,'erat vel pede','amet massa. Quisque porttitor eros nec tellus. Nunc lectus pede, ultrices a, auctor non, feugiat nec, diam. Duis mi enim, condimentum eget, volutpat ornare, facilisis eget, ipsum. Donec sollicitudin adipiscing ligula. Aenean gravida nunc sed pede. Cum sociis natoque','37D5C3FC-37E3-2E6A-5932-19A968055921','F63EA73B-B37B-10B3-B6AF-37C25D3A827F'),('B79484BD-DC31-3E82-A5AE-E4D77C86A552',1,'vulputate, nisi sem','et netus et malesuada fames ac turpis egestas. Fusce aliquet magna a neque. Nullam ut nisi a odio semper cursus. Integer mollis. Integer tincidunt aliquam arcu. Aliquam ultrices iaculis odio. Nam interdum enim non nisi. Aenean eget metus. In nec orci. Donec nibh. Quisque nonummy ipsum non arcu. Vivamus sit amet risus. Donec egestas. Aliquam nec enim. Nunc ut erat. Sed nunc est, mollis non, cursus non, egestas a, dui. Cras pellentesque. Sed dictum. Proin','740097D5-5193-EA59-5D2C-5736864DB712','E6E9149A-273C-C884-BE67-3DEB6F7E0B42'),('BC031E51-A998-C6DE-C754-C5B16DE7C3DE',1,'a, scelerisque sed,','quam quis diam. Pellentesque habitant morbi tristique senectus et netus et malesuada fames ac turpis egestas. Fusce aliquet magna a neque. Nullam ut nisi a odio semper cursus. Integer mollis. Integer tincidunt aliquam arcu. Aliquam ultrices iaculis odio. Nam interdum enim non nisi. Aenean eget metus. In nec orci. Donec nibh.','020C92EB-F947-8B44-A3D9-23D8EBE31733','C2941D96-ECDB-C733-D252-3665CE6312AC'),('C19C00E2-F3E6-A138-7147-64BD8626A057',8,'in, tempus eu,','non quam. Pellentesque habitant morbi tristique senectus et netus et malesuada fames ac turpis egestas. Aliquam fringilla cursus purus. Nullam scelerisque neque sed sem egestas blandit. Nam nulla magna, malesuada vel, convallis in, cursus','B3C072A1-AC89-8621-3853-CBEE5C999A4B','54FB59CE-B68C-D4A4-8E7F-62BE955AF34B'),('C8DBC2B7-1C91-BCD2-4A66-2EF685EDD27E',4,'diam at pretium','lorem lorem, luctus ut, pellentesque eget, dictum placerat, augue. Sed molestie. Sed id risus quis diam luctus lobortis. Class aptent taciti sociosqu ad litora torquent per conubia nostra, per inceptos hymenaeos. Mauris ut quam vel sapien imperdiet ornare. In faucibus. Morbi vehicula. Pellentesque tincidunt tempus risus. Donec egestas. Duis ac arcu. Nunc mauris. Morbi non sapien molestie orci tincidunt adipiscing. Mauris molestie pharetra nibh. Aliquam ornare, libero at auctor ullamcorper, nisl arcu iaculis enim, sit amet ornare lectus justo eu','71B74980-1100-3303-6B02-BCF3EC19680A','8CE30596-4766-5091-83BA-7E2E53182D4C'),('CD155054-8C13-6866-CD8E-33C87EE253B7',6,'tellus faucibus leo,','sapien. Cras dolor dolor, tempus non, lacinia at, iaculis quis, pede. Praesent eu dui. Cum sociis natoque penatibus et magnis dis parturient montes, nascetur ridiculus mus. Aenean eget magna. Suspendisse tristique neque venenatis lacus. Etiam bibendum fermentum metus. Aenean sed pede nec ante blandit viverra. Donec tempus, lorem fringilla ornare placerat, orci lacus vestibulum lorem, sit amet ultricies sem magna nec quam. Curabitur vel lectus. Cum sociis natoque penatibus et magnis dis parturient montes, nascetur ridiculus mus. Donec dignissim magna a tortor. Nunc commodo auctor velit.','3B274C25-B938-B5E5-75D8-DEAE1BE17894','1D5780B1-122B-4B2A-AB5D-28EA5D1BEDF0'),('CD4DE0B1-0DF7-A2F2-0CD1-26434BF9E2CD',1,'odio sagittis semper.','viverra. Donec tempus, lorem fringilla ornare placerat, orci lacus vestibulum lorem, sit amet ultricies sem magna nec quam. Curabitur vel lectus. Cum sociis natoque penatibus et magnis dis parturient montes, nascetur ridiculus mus. Donec dignissim magna a tortor. Nunc commodo auctor velit. Aliquam nisl. Nulla eu neque pellentesque massa lobortis ultrices. Vivamus rhoncus. Donec est. Nunc ullamcorper, velit in aliquet lobortis, nisi nibh lacinia','2CD6C23C-2D14-762F-9B37-7A553B7A240D','64974D69-A974-15D4-9CA5-8EEA73E25D9D'),('CDD34BA2-628A-D151-561A-5389F94BDD66',6,'enim commodo hendrerit.','Vestibulum ut eros non enim commodo hendrerit. Donec porttitor tellus non magna. Nam ligula elit, pretium et, rutrum non, hendrerit id, ante. Nunc mauris sapien, cursus in, hendrerit consectetuer, cursus et, magna. Praesent interdum ligula eu enim. Etiam imperdiet dictum magna. Ut','1D787CBF-6DC2-3BAA-4B2C-1474B8B3863E','C1B48CB0-A74B-4717-3BCC-DD3DC39A5C3C'),('CDEAF6C8-232A-9983-3B44-AF472B7A2CDE',8,'pede ac urna.','Nulla eget metus eu erat semper rutrum. Fusce dolor quam, elementum at, egestas a, scelerisque sed, sapien. Nunc pulvinar arcu et pede. Nunc sed orci lobortis augue scelerisque mollis. Phasellus libero mauris, aliquam eu, accumsan sed, facilisis vitae, orci. Phasellus dapibus quam quis diam. Pellentesque habitant morbi tristique senectus et netus et malesuada fames ac turpis egestas. Fusce aliquet magna a neque. Nullam ut nisi a odio semper cursus. Integer mollis. Integer tincidunt aliquam arcu. Aliquam ultrices iaculis odio. Nam interdum','6B8B3ED8-8231-C622-3D15-088DC35787C8','F69749B5-D2EA-D4D4-69C0-DB7864AA14DA'),('CE216B5E-436B-74D3-2755-18D234DAA122',1,'erat volutpat. Nulla','cursus vestibulum. Mauris magna. Duis dignissim tempor arcu. Vestibulum ut eros non enim commodo hendrerit. Donec porttitor tellus non magna. Nam ligula elit, pretium et, rutrum non, hendrerit id, ante. Nunc mauris sapien, cursus in, hendrerit consectetuer, cursus et, magna. Praesent interdum ligula eu enim. Etiam imperdiet dictum magna. Ut tincidunt orci quis lectus. Nullam suscipit, est ac facilisis facilisis, magna tellus faucibus leo, in lobortis tellus justo sit amet nulla. Donec non justo. Proin non massa non','6126651C-4FFF-5BF5-BCB0-666B6B214DAD','1CE84FDE-65DD-3AB1-C58D-9D7321269CAD'),('D22BDA41-12D7-55CD-F886-619A715863ED',7,'penatibus et magnis','lectus, a sollicitudin orci sem eget massa. Suspendisse eleifend. Cras sed leo. Cras vehicula aliquet libero. Integer in magna. Phasellus dolor elit, pellentesque a, facilisis non, bibendum sed, est. Nunc laoreet lectus quis massa. Mauris vestibulum, neque sed dictum eleifend, nunc risus varius orci, in consequat','D543EDBE-0094-5DF8-A13A-C16411ED781E','E6E9149A-273C-C884-BE67-3DEB6F7E0B42'),('D31E6611-7AE4-B5DB-A021-F8882C9C1EA7',10,'at pretium aliquet,','magna nec quam. Curabitur vel lectus. Cum sociis natoque penatibus et magnis dis parturient montes, nascetur ridiculus mus. Donec dignissim magna a tortor. Nunc commodo auctor velit. Aliquam nisl. Nulla eu neque pellentesque massa lobortis ultrices. Vivamus rhoncus. Donec est. Nunc ullamcorper, velit in aliquet lobortis,','A6577D4D-E6C7-4904-7603-13B63E481223','8CE30596-4766-5091-83BA-7E2E53182D4C'),('D3891566-3EAD-86AA-FE34-7BC746364AFB',4,'adipiscing elit. Curabitur','urna convallis erat, eget tincidunt dui augue eu tellus. Phasellus elit pede, malesuada vel, venenatis vel, faucibus id, libero. Donec consectetuer mauris id sapien. Cras dolor dolor, tempus non, lacinia at, iaculis quis, pede. Praesent eu dui. Cum sociis natoque penatibus et magnis dis parturient montes, nascetur ridiculus mus. Aenean eget magna. Suspendisse tristique neque venenatis lacus. Etiam bibendum fermentum metus. Aenean','CE35FE40-51FB-4591-5A22-8E5F568E5495','B8614771-4CDC-3969-F8E8-0B86CE5A1184'),('D3E9AFAE-B5DF-EE6B-E9DC-A83B896C269A',6,'Quisque varius. Nam','penatibus et magnis dis parturient montes, nascetur ridiculus mus. Proin vel arcu eu odio tristique pharetra. Quisque ac libero nec ligula consectetuer rhoncus. Nullam velit dui, semper et, lacinia vitae, sodales at, velit. Pellentesque ultricies dignissim lacus. Aliquam rutrum lorem ac risus. Morbi metus. Vivamus euismod urna. Nullam lobortis quam a felis ullamcorper viverra. Maecenas iaculis aliquet diam. Sed diam lorem, auctor quis, tristique ac, eleifend vitae, erat. Vivamus nisi. Mauris nulla. Integer urna. Vivamus molestie dapibus ligula. Aliquam erat volutpat. Nulla dignissim. Maecenas ornare egestas ligula. Nullam feugiat placerat velit. Quisque varius.','894A1B6F-D9EB-1352-BC87-FDC67EE19519','5AF82D99-8B85-D60A-C7FF-166A47144BB4'),('D659D73D-245D-C53D-42FB-4DA7A6129D5D',5,'orci, in consequat','arcu vel quam dignissim pharetra. Nam ac nulla. In tincidunt congue turpis. In condimentum. Donec at arcu. Vestibulum ante ipsum primis in faucibus orci luctus et ultrices posuere cubilia Curae Donec tincidunt. Donec vitae erat vel pede blandit congue. In scelerisque scelerisque dui. Suspendisse ac metus vitae velit egestas lacinia. Sed congue, elit sed consequat auctor, nunc nulla vulputate dui, nec tempus mauris erat eget ipsum. Suspendisse sagittis. Nullam vitae diam. Proin dolor. Nulla semper tellus id nunc interdum feugiat. Sed nec metus facilisis','7E7A4AA7-1E59-D385-1509-A6099FABF565','4372B18F-3616-F19D-6CBC-8118CB3487CB'),('D7917A67-CD38-F285-15FF-7C793C4E191B',6,'dictum cursus. Nunc','parturient montes, nascetur ridiculus mus. Proin vel arcu eu odio tristique pharetra. Quisque ac libero nec ligula consectetuer rhoncus. Nullam velit dui, semper et, lacinia vitae, sodales at, velit. Pellentesque ultricies dignissim lacus. Aliquam rutrum lorem ac risus. Morbi metus. Vivamus euismod urna. Nullam lobortis quam a felis ullamcorper viverra. Maecenas iaculis aliquet diam. Sed diam lorem, auctor quis, tristique ac,','DCD9928E-3B8A-A61B-8380-90A5D2169CBE','BA673744-B768-85DF-376F-3775FEA33E95'),('DAAF7DC9-1783-958C-8A54-0A274E6CE339',8,'libero. Integer in','ut dolor dapibus gravida. Aliquam tincidunt, nunc ac mattis ornare, lectus ante dictum mi, ac mattis velit justo nec ante. Maecenas mi felis, adipiscing fringilla, porttitor vulputate, posuere vulputate, lacus. Cras interdum. Nunc sollicitudin commodo ipsum. Suspendisse non leo. Vivamus nibh dolor, nonummy ac, feugiat non, lobortis quis, pede. Suspendisse dui. Fusce','894A1B6F-D9EB-1352-BC87-FDC67EE19519','5AF82D99-8B85-D60A-C7FF-166A47144BB4'),('DC4093F2-5602-57D2-D017-49A529B19299',7,'inceptos hymenaeos. Mauris','tellus lorem eu metus. In lorem. Donec elementum, lorem ut aliquam iaculis, lacus pede sagittis augue, eu tempor erat neque non quam. Pellentesque habitant morbi tristique senectus et netus et malesuada fames ac turpis egestas. Aliquam fringilla cursus purus. Nullam scelerisque neque sed sem egestas blandit. Nam nulla magna, malesuada vel, convallis in, cursus et, eros. Proin ultrices. Duis volutpat nunc sit amet metus. Aliquam erat volutpat. Nulla facilisis. Suspendisse commodo tincidunt nibh. Phasellus nulla. Integer vulputate, risus a ultricies adipiscing, enim mi tempor lorem, eget','81ED0EA4-3B38-C2C0-2852-DBDCC6C28CE0','5AF82D99-8B85-D60A-C7FF-166A47144BB4'),('DCAABFCE-692C-6389-D629-6FC22AF691D8',6,'eros nec tellus.','sed leo. Cras vehicula aliquet libero. Integer in magna. Phasellus dolor elit, pellentesque a, facilisis non, bibendum sed, est. Nunc laoreet lectus quis massa. Mauris vestibulum, neque sed dictum eleifend, nunc risus varius orci,','B2BBF661-A8B4-A14B-C2F8-7377DBCEC5DB','E6E9149A-273C-C884-BE67-3DEB6F7E0B42'),('DCAFCA21-7EC6-D851-D89C-D3E870238513',10,'lacus vestibulum lorem,','faucibus orci luctus et ultrices posuere cubilia Curae Donec tincidunt. Donec vitae erat vel pede blandit congue. In scelerisque scelerisque dui. Suspendisse ac metus vitae velit egestas lacinia. Sed congue, elit sed consequat auctor, nunc nulla vulputate dui, nec tempus mauris erat eget ipsum. Suspendisse sagittis.','CBAC8411-DE1A-D868-5E5D-31153B703F03','E6E9149A-273C-C884-BE67-3DEB6F7E0B42'),('DEE18A89-4E1A-49EA-8542-8D45AA409B2A',3,'Cras vulputate velit','aliquam iaculis, lacus pede sagittis augue, eu tempor erat neque non quam. Pellentesque habitant morbi tristique senectus et netus et malesuada fames ac turpis egestas. Aliquam fringilla cursus purus. Nullam scelerisque','AC75A2A2-AB03-9A35-58AC-3696A5DF467D','665EEA10-21A2-69AE-B901-CB1A98124BAC'),('E049A05A-CBCB-16C4-4344-A41F875D2E50',1,'Sed malesuada augue','lorem ut aliquam iaculis, lacus pede sagittis augue, eu tempor erat neque non quam. Pellentesque habitant morbi tristique senectus et netus et malesuada fames ac turpis egestas. Aliquam fringilla cursus purus. Nullam scelerisque neque sed sem egestas blandit. Nam nulla magna, malesuada vel, convallis in, cursus et, eros. Proin ultrices. Duis volutpat nunc sit amet metus. Aliquam erat volutpat. Nulla facilisis. Suspendisse commodo tincidunt nibh. Phasellus nulla. Integer vulputate, risus a ultricies adipiscing, enim','7BB28377-2DE1-852A-241B-D864916FCD0A','ADF5EA19-4BE7-E88E-DA87-DD0487B1C141'),('E4D651F9-69BB-E27D-EB49-D4E5AB5827B3',7,'enim. Sed nulla','senectus et netus et malesuada fames ac turpis egestas. Fusce aliquet magna a neque. Nullam ut nisi a odio semper cursus. Integer mollis. Integer tincidunt aliquam arcu. Aliquam ultrices iaculis odio. Nam interdum','ACC5C25E-5B81-A356-E6D1-E6CA05E8B819','E6E9149A-273C-C884-BE67-3DEB6F7E0B42'),('E6862049-F881-4D27-9720-EB77932C0426',1,'malesuada. Integer id','amet, consectetuer adipiscing elit. Etiam laoreet, libero et tristique pellentesque, tellus sem mollis dui, in sodales elit erat vitae risus. Duis a mi fringilla mi lacinia mattis. Integer eu lacus. Quisque imperdiet, erat nonummy ultricies ornare, elit elit fermentum risus, at fringilla purus mauris a nunc. In at pede. Cras vulputate velit eu sem. Pellentesque ut ipsum ac mi eleifend egestas. Sed pharetra, felis eget varius ultrices, mauris ipsum porta elit, a feugiat tellus lorem eu metus. In lorem.','4E69714C-0E24-D96F-5A92-2E450FBA4D44','63C6AD62-16C2-D19B-752A-9F42442698F2'),('E7596248-A952-CFB5-8497-D048762067ED',3,'Nullam scelerisque neque','Sed diam lorem, auctor quis, tristique ac, eleifend vitae, erat. Vivamus nisi. Mauris nulla. Integer urna. Vivamus molestie dapibus ligula. Aliquam erat volutpat. Nulla dignissim. Maecenas ornare egestas ligula. Nullam feugiat placerat velit. Quisque varius. Nam porttitor scelerisque neque. Nullam nisl. Maecenas malesuada fringilla est. Mauris eu turpis. Nulla aliquet. Proin velit. Sed malesuada augue ut lacus. Nulla tincidunt, neque','43A0D716-8CB4-9542-D3D8-9A703CD515B2','4EF09218-C1B8-0748-EDD8-BD99806B8CD2'),('EB4DCDD7-4222-9278-37F3-65EB453EAD76',5,'feugiat placerat velit.','Morbi vehicula. Pellentesque tincidunt tempus risus. Donec egestas. Duis ac arcu. Nunc mauris. Morbi non sapien molestie orci tincidunt adipiscing. Mauris molestie pharetra nibh. Aliquam ornare, libero at auctor ullamcorper, nisl arcu iaculis enim, sit amet ornare lectus justo eu arcu. Morbi sit amet massa. Quisque porttitor eros nec tellus. Nunc lectus pede, ultrices a, auctor non, feugiat nec, diam. Duis mi enim, condimentum eget, volutpat ornare, facilisis eget, ipsum. Donec sollicitudin','22714A48-9B21-D4CC-9A96-D3B4C41079E8','E6E9149A-273C-C884-BE67-3DEB6F7E0B42'),('EE87971E-1C29-955D-36B7-F0DDE71D2692',5,'dui. Fusce aliquam,','arcu. Nunc mauris. Morbi non sapien molestie orci tincidunt adipiscing. Mauris molestie pharetra nibh. Aliquam ornare, libero at auctor ullamcorper, nisl arcu iaculis enim, sit amet ornare lectus justo eu arcu. Morbi sit amet massa. Quisque porttitor eros nec tellus. Nunc lectus pede, ultrices a, auctor non, feugiat nec, diam. Duis mi enim, condimentum eget, volutpat ornare, facilisis eget, ipsum.','595DE671-233F-CEE4-AD51-801310F27163','ED2CCE9D-14A8-9AC7-6A70-B2E45E6CCC1A'),('F1877ADE-38B2-A58B-84AB-47EDFFCB7024',6,'vitae aliquam eros','amet, consectetuer adipiscing elit. Curabitur sed tortor. Integer aliquam adipiscing lacus. Ut nec urna et arcu imperdiet ullamcorper. Duis at lacus. Quisque purus sapien, gravida non, sollicitudin a, malesuada id, erat. Etiam vestibulum massa rutrum magna. Cras convallis convallis dolor. Quisque tincidunt pede ac urna. Ut tincidunt vehicula risus. Nulla eget metus eu erat semper rutrum. Fusce dolor quam, elementum at, egestas a, scelerisque sed, sapien. Nunc pulvinar arcu et pede. Nunc sed orci lobortis augue scelerisque mollis. Phasellus libero mauris, aliquam eu, accumsan sed, facilisis vitae,','8DC0DEC6-2EE4-264E-38A2-2042F4632314','4E3492BB-46B1-F763-8CD3-371562C9B308'),('F2515548-A355-BD73-8C7D-1AC4560AD1B9',7,'Curabitur consequat, lectus','lectus, a sollicitudin orci sem eget massa. Suspendisse eleifend. Cras sed leo. Cras vehicula aliquet libero. Integer in magna. Phasellus dolor elit, pellentesque a, facilisis non, bibendum sed, est. Nunc laoreet lectus quis massa. Mauris vestibulum,','CE35FE40-51FB-4591-5A22-8E5F568E5495','63C6AD62-16C2-D19B-752A-9F42442698F2'),('F46E1420-B477-9E53-554C-32455121F4C3',8,'pede. Cum sociis','nec urna suscipit nonummy. Fusce fermentum fermentum arcu. Vestibulum ante ipsum primis in faucibus orci luctus et ultrices posuere cubilia Curae Phasellus ornare. Fusce mollis. Duis sit amet diam eu dolor egestas rhoncus. Proin nisl sem, consequat nec, mollis vitae, posuere at, velit. Cras lorem lorem, luctus ut, pellentesque eget, dictum placerat, augue. Sed molestie. Sed id risus quis diam luctus lobortis. Class aptent taciti sociosqu ad litora torquent per conubia nostra, per inceptos hymenaeos. Mauris ut quam vel sapien imperdiet ornare. In faucibus. Morbi vehicula. Pellentesque tincidunt tempus risus.','E8923C84-967B-15A4-CC40-09F939E59974','E6E9149A-273C-C884-BE67-3DEB6F7E0B42'),('F66D96C4-91A9-6864-BEC1-23D8519DD549',0,'lobortis quam a','interdum. Curabitur dictum. Phasellus in felis. Nulla tempor augue ac ipsum. Phasellus vitae mauris sit amet lorem semper auctor. Mauris vel turpis. Aliquam adipiscing lobortis risus. In mi pede, nonummy ut, molestie in, tempus eu, ligula. Aenean euismod mauris eu elit. Nulla facilisi. Sed neque. Sed eget lacus. Mauris non dui nec urna suscipit nonummy. Fusce fermentum fermentum arcu. Vestibulum ante ipsum','3DD9726C-C6E4-C2C0-4D61-723271B8C222','1375144F-2274-DA59-949A-AFDFE221C232'),('F7215B74-DCA5-BC1D-1488-B255AE148CEF',10,'lacus. Mauris non','et magnis dis parturient montes, nascetur ridiculus mus. Donec dignissim magna a tortor. Nunc commodo auctor velit. Aliquam nisl. Nulla eu neque pellentesque massa lobortis ultrices. Vivamus rhoncus. Donec est. Nunc ullamcorper, velit in aliquet lobortis, nisi nibh lacinia orci, consectetuer euismod est arcu ac orci. Ut','3B01AC63-BA7D-1B47-BFAA-786707EC0E58','1375144F-2274-DA59-949A-AFDFE221C232'),('FABFB398-5AD3-A76F-4681-3924A9DEE665',8,'risus quis diam','Integer id magna et ipsum cursus vestibulum. Mauris magna. Duis dignissim tempor arcu. Vestibulum ut eros non enim commodo hendrerit. Donec porttitor tellus non magna. Nam ligula elit, pretium et, rutrum non, hendrerit id, ante. Nunc mauris sapien, cursus in, hendrerit consectetuer, cursus et, magna. Praesent interdum ligula eu','8897A7A7-E53A-1716-5281-CF240B559ACE','FAE47E15-AD69-F351-FFB9-A45A51DC3A7E'),('FCDEB116-C8AA-96CA-9A9A-EE9A334DBB6E',4,'odio semper cursus.','eros turpis non enim. Mauris quis turpis vitae purus gravida sagittis. Duis gravida. Praesent eu nulla at sem molestie sodales. Mauris blandit enim','B85F5219-46EC-D2D3-CDD2-A4811D6DD237','1375144F-2274-DA59-949A-AFDFE221C232'),('FEAB4E6A-7B87-BF54-DD45-4271D9FD7EE2',7,'erat volutpat. Nulla','sapien. Aenean massa. Integer vitae nibh. Donec est mauris, rhoncus id, mollis nec, cursus a, enim. Suspendisse aliquet, sem ut cursus luctus, ipsum leo elementum sem, vitae aliquam eros turpis non enim. Mauris quis turpis vitae purus gravida sagittis.','4928F14B-6B4E-6D94-3953-E15727BA427E','1375144F-2274-DA59-949A-AFDFE221C232');
/*!40000 ALTER TABLE `review` ENABLE KEYS */;
UNLOCK TABLES;

--
-- Table structure for table `user`
--

DROP TABLE IF EXISTS `user`;
/*!40101 SET @saved_cs_client     = @@character_set_client */;
/*!50503 SET character_set_client = utf8mb4 */;
CREATE TABLE `user` (
  `UID` varchar(45) NOT NULL,
  `reg_date` datetime NOT NULL,
  `num_of_reviews` int DEFAULT NULL,
  `num_of_fans` int DEFAULT NULL,
  PRIMARY KEY (`UID`)
) ENGINE=InnoDB DEFAULT CHARSET=utf8mb4 COLLATE=utf8mb4_0900_ai_ci;
/*!40101 SET character_set_client = @saved_cs_client */;

--
-- Dumping data for table `user`
--

LOCK TABLES `user` WRITE;
/*!40000 ALTER TABLE `user` DISABLE KEYS */;
INSERT INTO `user` VALUES ('058E87A1-B1F9-CE05-691F-6B5A1B5E0A54','2023-12-02 09:03:33',22,35),('0C5CEEB4-A40A-A156-2B7F-DC3F495C4A75','2023-05-17 22:25:29',33,91),('0EB6C7EB-951B-7833-6BCC-EC565ED2BECB','2024-02-26 13:35:44',95,30),('115B4269-5C49-D8BA-AE4F-4A2A375CA5C7','2022-07-18 20:51:04',97,99),('1375144F-2274-DA59-949A-AFDFE221C232','2023-10-02 07:44:51',99,96),('14BC3B34-1EA1-070F-E7B1-421E671B6761','2023-08-09 14:59:01',26,15),('17E7289B-883E-339C-3253-6380DA761441','2023-05-24 11:14:29',16,5),('180B767E-249B-99F3-6242-5F8925DE6B41','2023-12-05 10:18:38',29,66),('186CC2AA-AC44-72AE-BAF5-41353D59F8BD','2023-11-02 08:41:16',44,95),('1CE84FDE-65DD-3AB1-C58D-9D7321269CAD','2022-12-08 16:34:34',6,5),('1D5780B1-122B-4B2A-AB5D-28EA5D1BEDF0','2022-11-14 08:15:23',82,40),('1DC87520-907D-14DA-4CA7-D5498AF8A94D','2024-01-16 14:52:20',88,51),('21ACA2C4-9ED6-57FB-D279-481E81A4A88F','2023-07-20 09:35:58',31,30),('225C4D7E-83AB-ECBE-2246-DDA525EE8CB8','2024-02-29 04:11:14',73,86),('22892BA2-2A8A-4410-DDEB-E5C33DCCADE8','2023-11-24 11:41:51',6,70),('2488942B-EA59-D7E8-9C81-6F1E833E9B77','2023-02-05 19:51:01',14,81),('24D85CA6-87C6-7DDC-D5D1-3D6A55B89382','2023-03-03 08:12:17',95,50),('29D2EC4A-A99C-50C4-130E-4A5CC9486115','2022-05-24 09:19:18',66,78),('2F3CD341-5265-1866-E7D3-656A2499BA74','2022-06-04 06:39:20',56,49),('3E19A5EA-A877-4EDD-93A8-8CE27EC798B8','2023-10-20 00:43:04',26,53),('3E9F5565-8D6E-6BE5-CF19-3E89A8C8BF95','2022-09-19 18:17:50',19,86),('40BCC5B7-4AC8-7A32-2991-325445CEC1A4','2022-06-27 05:56:59',58,8),('4321B16C-E7B6-BA1B-3965-5E3778FC46CA','2024-01-18 18:48:02',99,20),('436D9D54-B29D-218D-85A7-5E1980C65DCE','2022-11-28 08:26:52',41,52),('4372B18F-3616-F19D-6CBC-8118CB3487CB','2022-09-04 17:53:36',50,62),('43E43A6B-ED15-851C-0AB7-953C3B5A7979','2023-04-27 05:14:42',69,98),('44DF73C0-9A9C-7177-AC42-3285D84BB7D1','2023-08-29 00:34:50',20,7),('4A39B2FB-2D7A-E74A-675B-C6A9F4624B18','2023-07-11 22:33:11',34,85),('4E3492BB-46B1-F763-8CD3-371562C9B308','2022-06-02 11:39:30',41,80),('4EAE0245-66A1-D41A-AE71-D90C5BA5A8FE','2022-07-25 05:33:34',67,35),('4EF09218-C1B8-0748-EDD8-BD99806B8CD2','2023-10-09 12:21:07',22,8),('507CB1EC-837E-D22D-B9EB-7E93B9391781','2022-03-21 03:15:46',31,88),('54FB59CE-B68C-D4A4-8E7F-62BE955AF34B','2023-07-15 23:48:18',2,80),('5552F75B-87EC-36CC-CFD1-796B7569548E','2023-07-23 23:16:55',15,4),('57AE78E4-0242-B070-5FD6-06236528774D','2024-01-22 22:54:56',91,88),('59154B2D-9BDB-A74B-4155-AFC52124C67A','2023-09-24 09:13:19',95,76),('5AF82D99-8B85-D60A-C7FF-166A47144BB4','2023-04-13 14:08:31',83,16),('5E3B4813-D352-C325-3C54-0E9711B3A0AF','2023-02-01 15:43:53',44,11),('6129D118-523F-E517-C8B9-C07425CAD56D','2022-06-15 02:35:10',77,23),('63C6AD62-16C2-D19B-752A-9F42442698F2','2022-04-21 09:29:56',86,57),('64974D69-A974-15D4-9CA5-8EEA73E25D9D','2023-02-03 13:08:56',26,23),('6617366B-4786-0992-3AE8-A3E68BDC814B','2023-12-20 21:32:37',99,66),('665EEA10-21A2-69AE-B901-CB1A98124BAC','2023-05-11 03:12:48',46,67),('690D5972-51E0-3338-74E9-F24D1B6EFD14','2023-05-25 15:04:44',20,76),('6F8AE94D-CCCA-2838-4B5E-A70E761FE5A3','2022-12-02 23:49:32',80,75),('71A52EA1-3604-64E9-5B19-F78AAE82E79D','2022-04-04 20:42:58',65,47),('71C81722-6EFD-D4E5-0ED6-816CB7B74B93','2022-05-04 15:46:56',89,59),('77C142BC-12D3-0A37-88D8-30179734451F','2022-10-30 18:19:08',15,48),('792C4AE7-24AC-E4A9-B5A7-0746E96B9B03','2023-12-06 18:18:43',60,87),('795E798A-4A4E-A97C-8E92-96E921ABCA3A','2023-01-24 14:02:09',45,95),('7BBE49DD-8EA7-E43C-8814-7545A2E912E4','2023-11-15 11:47:04',27,36),('7D4B6E19-E96D-AB8A-9A66-B7B26488D661','2023-09-19 20:11:40',84,38),('8130CB25-597E-9C69-C571-21869FFF50DB','2022-12-31 17:26:41',90,40),('82C3B92A-DFA0-2C4A-DB1E-259C08BAAAED','2023-03-10 00:49:32',7,74),('831ABD09-58AB-86A7-C12A-979175D9671B','2023-04-30 19:39:04',84,49),('84DBA561-3B7C-5E01-29B0-036BB26CE474','2022-04-24 23:20:51',67,17),('89299842-AC4C-3953-02E6-52BE71E03D86','2023-03-08 07:52:43',32,4),('8A2FBBF5-6485-6434-7381-1A6973D117B1','2024-02-05 13:33:30',61,46),('8A8CDF8A-1F61-E642-CBB2-6798E884A15D','2022-09-21 06:05:27',2,44),('8CE30596-4766-5091-83BA-7E2E53182D4C','2023-01-27 19:47:06',59,1),('8D7222A8-71C6-D811-BBC3-24496AA42680','2022-08-27 07:27:43',26,76),('8FCA3659-50C1-5E6E-0827-BDE77B9B5267','2023-05-31 05:30:19',21,76),('90BB1C77-0A23-891B-0BC6-FA218279F626','2022-06-03 03:36:36',15,23),('9E9BB795-D99C-1D0A-68C6-679FC78A5925','2022-05-08 14:59:54',57,62),('A34F736D-5AD6-DAAF-D993-9C1DA41038C0','2024-01-20 23:08:55',22,71),('A8340CE3-6666-1740-E8B9-35B5C5344E6B','2023-12-10 08:27:50',92,94),('ACDB3519-9963-E665-D15D-4DF427F4B9DA','2024-03-07 07:20:59',85,55),('ADF5EA19-4BE7-E88E-DA87-DD0487B1C141','2023-01-09 21:40:58',9,44),('B4D4F989-CCD9-639A-76B1-D223A2D243F1','2023-03-31 09:25:49',7,63),('B6E2AD5E-BC4E-0AE8-DBD8-19F34923120B','2022-04-14 03:17:14',93,28),('B8614771-4CDC-3969-F8E8-0B86CE5A1184','2022-08-19 20:34:13',82,14),('B8F04CD7-6CE8-5160-25DD-3CF5E106A847','2022-10-08 08:42:49',5,59),('BA673744-B768-85DF-376F-3775FEA33E95','2023-03-28 19:55:04',55,47),('BBEDA4B1-54D4-102E-CA6E-2F7DCFD19C1C','2022-06-22 15:14:25',48,23),('C1B48CB0-A74B-4717-3BCC-DD3DC39A5C3C','2022-11-18 16:53:14',30,39),('C24E361E-131C-9A37-CA72-F33440B7E2EA','2023-11-22 19:27:17',20,48),('C2941D96-ECDB-C733-D252-3665CE6312AC','2022-08-01 03:53:49',87,55),('C42B453D-BAA9-E736-BA93-945920654E8C','2022-09-15 16:39:21',14,63),('C7FD2555-8714-7AAC-B5FC-13C6E3B91593','2023-05-29 02:10:36',41,21),('C83D5D95-6B4C-8B90-424D-88BC6143D34B','2024-01-20 00:36:31',5,39),('C9A38112-7AA7-7B8C-2B3B-A8DDB8D6225D','2022-06-03 07:58:42',47,30),('CB657A4D-89F7-D7FC-BD77-1126AF78BB88','2023-03-20 14:07:44',41,99),('CBEDFA19-3CDC-1822-E8A9-6AC7DF5813DF','2022-08-26 08:01:51',46,11),('CE386349-71B3-5A83-5369-95A3489C56DB','2023-09-12 08:12:12',83,76),('CF5279FA-62C5-EEF4-3129-4429C3046D1D','2022-05-23 13:48:10',30,90),('D6B3A986-3FB8-CA88-91FD-999B3D189641','2023-09-06 06:22:39',83,47),('D962C242-3F52-492A-E6B4-E385323CA732','2023-09-13 07:39:18',87,84),('DA8DEC05-B3E2-6671-262A-8E4222EF3C64','2022-11-12 06:36:45',76,28),('E0EBBC7B-F4FC-9E9E-D435-043D1DEAD539','2023-07-23 23:08:29',4,68),('E2E0DD72-3705-C606-C115-C2D1FC6678EA','2024-03-01 11:58:44',60,69),('E656E92D-ECB3-4D1A-0474-890B45435E07','2022-07-05 19:54:42',24,51),('E6E9149A-273C-C884-BE67-3DEB6F7E0B42','2024-02-16 15:54:54',10,86),('ED2CCE9D-14A8-9AC7-6A70-B2E45E6CCC1A','2023-09-21 08:05:33',80,70),('EE3A6197-B3C3-F5A6-86BC-7E9C98A29C37','2022-11-25 04:20:49',82,67),('F1CC6D48-3E34-821A-71AB-0D328C98B4C6','2024-02-13 18:29:59',29,14),('F246B1EA-682C-0855-DD02-A52315CB80B0','2023-03-08 20:31:43',81,42),('F63EA73B-B37B-10B3-B6AF-37C25D3A827F','2022-10-04 00:57:15',28,33),('F69749B5-D2EA-D4D4-69C0-DB7864AA14DA','2023-09-14 13:15:34',96,23),('FAE47E15-AD69-F351-FFB9-A45A51DC3A7E','2023-05-15 04:42:26',78,37),('FF754559-C2C9-3288-6543-571614BEA970','2023-04-08 11:26:20',15,3);
/*!40000 ALTER TABLE `user` ENABLE KEYS */;
UNLOCK TABLES;
/*!40103 SET TIME_ZONE=@OLD_TIME_ZONE */;

/*!40101 SET SQL_MODE=@OLD_SQL_MODE */;
/*!40014 SET FOREIGN_KEY_CHECKS=@OLD_FOREIGN_KEY_CHECKS */;
/*!40014 SET UNIQUE_CHECKS=@OLD_UNIQUE_CHECKS */;
/*!40101 SET CHARACTER_SET_CLIENT=@OLD_CHARACTER_SET_CLIENT */;
/*!40101 SET CHARACTER_SET_RESULTS=@OLD_CHARACTER_SET_RESULTS */;
/*!40101 SET COLLATION_CONNECTION=@OLD_COLLATION_CONNECTION */;
/*!40111 SET SQL_NOTES=@OLD_SQL_NOTES */;

-- Dump completed on 2023-04-18 21:52:15
